Issue key,Affects Version/s,Affects Version/s,Affects Version/s,Affects Version/s,Affects Version/s,Affects Version/s,Affects Version/s,Affects Version/s,Affects Version/s,Affects Version/s,Affects Version/s,Affects Version/s,Affects Version/s,,,,,,,,,,,,,,,,,,,,,,,,,,,,,,
ZOOKEEPER-4277,3.5.10,3.6.3,3.7.1,3.8.0,,,,,,,,,,,,,,,,,,,,,,,,,,,,,,,,,,,,,,,
ZOOKEEPER-4272,3.6.2,,,,,,,,,,,,,,,,,,,,,,,,,,,,,,,,,,,,,,,,,,
ZOOKEEPER-4260,3.6.2,,,,,,,,,,,,,,,,,,,,,,,,,,,,,,,,,,,,,,,,,,
ZOOKEEPER-4227,3.6.2,3.7.0,3.8.0,,,,,,,,,,,,,,,,,,,,,,,,,,,,,,,,,,,,,,,,
ZOOKEEPER-4223,3.6.2,,,,,,,,,,,,,,,,,,,,,,,,,,,,,,,,,,,,,,,,,,
ZOOKEEPER-4222,3.6.2,,,,,,,,,,,,,,,,,,,,,,,,,,,,,,,,,,,,,,,,,,
ZOOKEEPER-4220,3.5.9,3.6.2,,,,,,,,,,,,,,,,,,,,,,,,,,,,,,,,,,,,,,,,,
ZOOKEEPER-4219,3.7.0,3.8.0,,,,,,,,,,,,,,,,,,,,,,,,,,,,,,,,,,,,,,,,,
ZOOKEEPER-4210,3.4.14,3.6.2,3.7.0,,,,,,,,,,,,,,,,,,,,,,,,,,,,,,,,,,,,,,,,
ZOOKEEPER-4207,3.8.0,,,,,,,,,,,,,,,,,,,,,,,,,,,,,,,,,,,,,,,,,,
ZOOKEEPER-4205,3.8.0,,,,,,,,,,,,,,,,,,,,,,,,,,,,,,,,,,,,,,,,,,
ZOOKEEPER-4194,3.7.0,,,,,,,,,,,,,,,,,,,,,,,,,,,,,,,,,,,,,,,,,,
ZOOKEEPER-4055,3.6.2,3.7.0,,,,,,,,,,,,,,,,,,,,,,,,,,,,,,,,,,,,,,,,,
ZOOKEEPER-4050,3.7.0,,,,,,,,,,,,,,,,,,,,,,,,,,,,,,,,,,,,,,,,,,
ZOOKEEPER-4045,3.5.8,3.6.0,3.6.1,3.6.2,,,,,,,,,,,,,,,,,,,,,,,,,,,,,,,,,,,,,,,
ZOOKEEPER-3991,3.6.2,,,,,,,,,,,,,,,,,,,,,,,,,,,,,,,,,,,,,,,,,,
ZOOKEEPER-3987,3.7.0,,,,,,,,,,,,,,,,,,,,,,,,,,,,,,,,,,,,,,,,,,
ZOOKEEPER-3983,3.7.0,,,,,,,,,,,,,,,,,,,,,,,,,,,,,,,,,,,,,,,,,,
ZOOKEEPER-3954,3.6.2,,,,,,,,,,,,,,,,,,,,,,,,,,,,,,,,,,,,,,,,,,
ZOOKEEPER-3951,3.6.2,,,,,,,,,,,,,,,,,,,,,,,,,,,,,,,,,,,,,,,,,,
ZOOKEEPER-3944,3.6.2,,,,,,,,,,,,,,,,,,,,,,,,,,,,,,,,,,,,,,,,,,
ZOOKEEPER-3943,3.6.2,3.7.0,,,,,,,,,,,,,,,,,,,,,,,,,,,,,,,,,,,,,,,,,
ZOOKEEPER-3920,3.6.1,,,,,,,,,,,,,,,,,,,,,,,,,,,,,,,,,,,,,,,,,,
ZOOKEEPER-3911,3.4.12,3.4.13,3.5.4,3.5.5,3.5.6,3.5.7,3.5.8,3.6.0,3.6.1,,,,,,,,,,,,,,,,,,,,,,,,,,,,,,,,,,
ZOOKEEPER-3905,3.5.8,3.6.2,,,,,,,,,,,,,,,,,,,,,,,,,,,,,,,,,,,,,,,,,
ZOOKEEPER-3895,3.6.1,,,,,,,,,,,,,,,,,,,,,,,,,,,,,,,,,,,,,,,,,,
ZOOKEEPER-3887,3.6.2,,,,,,,,,,,,,,,,,,,,,,,,,,,,,,,,,,,,,,,,,,
ZOOKEEPER-3885,3.5.8,3.6.1,,,,,,,,,,,,,,,,,,,,,,,,,,,,,,,,,,,,,,,,,
ZOOKEEPER-3857,3.6.2,,,,,,,,,,,,,,,,,,,,,,,,,,,,,,,,,,,,,,,,,,
ZOOKEEPER-3832,3.5.8,3.6.1,,,,,,,,,,,,,,,,,,,,,,,,,,,,,,,,,,,,,,,,,
ZOOKEEPER-3829,3.5.8,3.6.1,,,,,,,,,,,,,,,,,,,,,,,,,,,,,,,,,,,,,,,,,
ZOOKEEPER-3818,3.5.5,,,,,,,,,,,,,,,,,,,,,,,,,,,,,,,,,,,,,,,,,,
ZOOKEEPER-3803,3.4.13,,,,,,,,,,,,,,,,,,,,,,,,,,,,,,,,,,,,,,,,,,
ZOOKEEPER-3797,3.6.0,3.6.1,,,,,,,,,,,,,,,,,,,,,,,,,,,,,,,,,,,,,,,,,
ZOOKEEPER-3793,3.6.0,,,,,,,,,,,,,,,,,,,,,,,,,,,,,,,,,,,,,,,,,,
ZOOKEEPER-3792,3.5.7,3.6.0,,,,,,,,,,,,,,,,,,,,,,,,,,,,,,,,,,,,,,,,,
ZOOKEEPER-3780,3.5.6,3.5.7,3.6.0,,,,,,,,,,,,,,,,,,,,,,,,,,,,,,,,,,,,,,,,
ZOOKEEPER-3772,3.5.8,3.6.1,,,,,,,,,,,,,,,,,,,,,,,,,,,,,,,,,,,,,,,,,
ZOOKEEPER-3769,3.5.7,,,,,,,,,,,,,,,,,,,,,,,,,,,,,,,,,,,,,,,,,,
ZOOKEEPER-3760,3.5.7,,,,,,,,,,,,,,,,,,,,,,,,,,,,,,,,,,,,,,,,,,
ZOOKEEPER-3758,3.6.0,,,,,,,,,,,,,,,,,,,,,,,,,,,,,,,,,,,,,,,,,,
ZOOKEEPER-3756,3.5.6,3.5.7,,,,,,,,,,,,,,,,,,,,,,,,,,,,,,,,,,,,,,,,,
ZOOKEEPER-3737,3.4.14,3.5.7,,,,,,,,,,,,,,,,,,,,,,,,,,,,,,,,,,,,,,,,,
ZOOKEEPER-3726,3.5.6,,,,,,,,,,,,,,,,,,,,,,,,,,,,,,,,,,,,,,,,,,
ZOOKEEPER-3719,3.5.6,,,,,,,,,,,,,,,,,,,,,,,,,,,,,,,,,,,,,,,,,,
ZOOKEEPER-3718,3.5.6,,,,,,,,,,,,,,,,,,,,,,,,,,,,,,,,,,,,,,,,,,
ZOOKEEPER-3716,3.5.6,3.6.0,3.7.0,,,,,,,,,,,,,,,,,,,,,,,,,,,,,,,,,,,,,,,,
ZOOKEEPER-3706,3.4.14,3.5.6,3.6.0,,,,,,,,,,,,,,,,,,,,,,,,,,,,,,,,,,,,,,,,
ZOOKEEPER-3701,3.4.13,3.5.6,,,,,,,,,,,,,,,,,,,,,,,,,,,,,,,,,,,,,,,,,
ZOOKEEPER-3699,3.5.6,3.6.0,3.7.0,,,,,,,,,,,,,,,,,,,,,,,,,,,,,,,,,,,,,,,,
ZOOKEEPER-3674,3.5.5,3.5.6,,,,,,,,,,,,,,,,,,,,,,,,,,,,,,,,,,,,,,,,,
ZOOKEEPER-3667,3.5.6,,,,,,,,,,,,,,,,,,,,,,,,,,,,,,,,,,,,,,,,,,
ZOOKEEPER-3651,3.5.6,,,,,,,,,,,,,,,,,,,,,,,,,,,,,,,,,,,,,,,,,,
ZOOKEEPER-3644,3.5.6,,,,,,,,,,,,,,,,,,,,,,,,,,,,,,,,,,,,,,,,,,
ZOOKEEPER-3642,3.5.5,3.5.6,3.6.0,3.7.0,,,,,,,,,,,,,,,,,,,,,,,,,,,,,,,,,,,,,,,
ZOOKEEPER-3641,3.6.0,,,,,,,,,,,,,,,,,,,,,,,,,,,,,,,,,,,,,,,,,,
ZOOKEEPER-3633,3.5.5,3.5.6,,,,,,,,,,,,,,,,,,,,,,,,,,,,,,,,,,,,,,,,,
ZOOKEEPER-3613,3.5.5,,,,,,,,,,,,,,,,,,,,,,,,,,,,,,,,,,,,,,,,,,
ZOOKEEPER-3605,3.6.0,,,,,,,,,,,,,,,,,,,,,,,,,,,,,,,,,,,,,,,,,,
ZOOKEEPER-3590,3.5.6,,,,,,,,,,,,,,,,,,,,,,,,,,,,,,,,,,,,,,,,,,
ZOOKEEPER-3563,3.4.14,3.5.5,,,,,,,,,,,,,,,,,,,,,,,,,,,,,,,,,,,,,,,,,
ZOOKEEPER-3552,3.5.6,,,,,,,,,,,,,,,,,,,,,,,,,,,,,,,,,,,,,,,,,,
ZOOKEEPER-3546,3.5.3,3.5.5,,,,,,,,,,,,,,,,,,,,,,,,,,,,,,,,,,,,,,,,,
ZOOKEEPER-3540,3.6.0,,,,,,,,,,,,,,,,,,,,,,,,,,,,,,,,,,,,,,,,,,
ZOOKEEPER-3531,3.5.2,3.5.3,3.5.4,3.5.5,,,,,,,,,,,,,,,,,,,,,,,,,,,,,,,,,,,,,,,
ZOOKEEPER-3518,3.5.5,3.6.0,,,,,,,,,,,,,,,,,,,,,,,,,,,,,,,,,,,,,,,,,
ZOOKEEPER-3498,3.5.5,,,,,,,,,,,,,,,,,,,,,,,,,,,,,,,,,,,,,,,,,,
ZOOKEEPER-3496,3.4.14,3.5.5,,,,,,,,,,,,,,,,,,,,,,,,,,,,,,,,,,,,,,,,,
ZOOKEEPER-3479,3.5.5,,,,,,,,,,,,,,,,,,,,,,,,,,,,,,,,,,,,,,,,,,
ZOOKEEPER-3471,3.6.0,,,,,,,,,,,,,,,,,,,,,,,,,,,,,,,,,,,,,,,,,,
ZOOKEEPER-3440,3.6.0,,,,,,,,,,,,,,,,,,,,,,,,,,,,,,,,,,,,,,,,,,
ZOOKEEPER-3433,3.4.14,3.5.5,3.6.0,,,,,,,,,,,,,,,,,,,,,,,,,,,,,,,,,,,,,,,,
ZOOKEEPER-3405,3.5.5,3.6.0,,,,,,,,,,,,,,,,,,,,,,,,,,,,,,,,,,,,,,,,,
ZOOKEEPER-3404,3.6.0,,,,,,,,,,,,,,,,,,,,,,,,,,,,,,,,,,,,,,,,,,
ZOOKEEPER-3399,3.6.0,,,,,,,,,,,,,,,,,,,,,,,,,,,,,,,,,,,,,,,,,,
ZOOKEEPER-3373,3.4.14,,,,,,,,,,,,,,,,,,,,,,,,,,,,,,,,,,,,,,,,,,
ZOOKEEPER-3356,3.5.4,3.6.0,,,,,,,,,,,,,,,,,,,,,,,,,,,,,,,,,,,,,,,,,
ZOOKEEPER-3320,3.4.10,3.5.4,,,,,,,,,,,,,,,,,,,,,,,,,,,,,,,,,,,,,,,,,
ZOOKEEPER-3306,3.4.13,3.5.4,3.6.0,,,,,,,,,,,,,,,,,,,,,,,,,,,,,,,,,,,,,,,,
ZOOKEEPER-3304,3.4.13,,,,,,,,,,,,,,,,,,,,,,,,,,,,,,,,,,,,,,,,,,
ZOOKEEPER-3296,3.5.4,3.6.0,,,,,,,,,,,,,,,,,,,,,,,,,,,,,,,,,,,,,,,,,
ZOOKEEPER-3265,3.4.14,,,,,,,,,,,,,,,,,,,,,,,,,,,,,,,,,,,,,,,,,,pull-request-available
ZOOKEEPER-3253,3.4.9,3.5.4,3.6.0,,,,,,,,,,,,,,,,,,,,,,,,,,,,,,,,,,,,,,,,
ZOOKEEPER-3215,3.4.13,,,,,,,,,,,,,,,,,,,,,,,,,,,,,,,,,,,,,,,,,,
ZOOKEEPER-3165,3.5.5,,,,,,,,,,,,,,,,,,,,,,,,,,,,,,,,,,,,,,,,,,
ZOOKEEPER-3162,3.0.0,3.4.13,,,,,,,,,,,,,,,,,,,,,,,,,,,,,,,,,,,,,,,,,
ZOOKEEPER-3156,3.4.13,3.5.5,3.6.0,,,,,,,,,,,,,,,,,,,,,,,,,,,,,,,,,,,,,,,,
ZOOKEEPER-3148,3.4.13,,,,,,,,,,,,,,,,,,,,,,,,,,,,,,,,,,,,,,,,,,
ZOOKEEPER-3145,3.4.13,3.5.4,3.6.0,,,,,,,,,,,,,,,,,,,,,,,,,,,,,,,,,,,,,,,,
ZOOKEEPER-3144,3.4.13,3.5.4,3.6.0,,,,,,,,,,,,,,,,,,,,,,,,,,,,,,,,,,,,,,,,
ZOOKEEPER-3131,3.5.3,3.5.4,3.6.0,,,,,,,,,,,,,,,,,,,,,,,,,,,,,,,,,,,,,,,,
ZOOKEEPER-3127,3.4.13,3.5.4,3.6.0,,,,,,,,,,,,,,,,,,,,,,,,,,,,,,,,,,,,,,,,
ZOOKEEPER-3113,3.5.4,3.6.0,,,,,,,,,,,,,,,,,,,,,,,,,,,,,,,,,,,,,,,,,ttl_nodes
ZOOKEEPER-3112,3.4.13,3.5.4,,,,,,,,,,,,,,,,,,,,,,,,,,,,,,,,,,,,,,,,,
ZOOKEEPER-3105,3.4.14,3.5.0,3.6.0,,,,,,,,,,,,,,,,,,,,,,,,,,,,,,,,,,,,,,,,
ZOOKEEPER-3104,3.4.13,3.5.4,3.6.0,,,,,,,,,,,,,,,,,,,,,,,,,,,,,,,,,,,,,,,,
ZOOKEEPER-3093,3.5.4,3.6.0,,,,,,,,,,,,,,,,,,,,,,,,,,,,,,,,,,,,,,,,,
ZOOKEEPER-3082,3.4.12,3.5.5,3.6.0,,,,,,,,,,,,,,,,,,,,,,,,,,,,,,,,,,,,,,,,
ZOOKEEPER-3079,3.5.4,,,,,,,,,,,,,,,,,,,,,,,,,,,,,,,,,,,,,,,,,,
ZOOKEEPER-3072,3.5.0,3.5.1,3.5.2,3.5.3,3.5.4,,,,,,,,,,,,,,,,,,,,,,,,,,,,,,,,,,,,,,
ZOOKEEPER-3059,3.4.12,,,,,,,,,,,,,,,,,,,,,,,,,,,,,,,,,,,,,,,,,,
ZOOKEEPER-3056,3.5.3,3.5.4,,,,,,,,,,,,,,,,,,,,,,,,,,,,,,,,,,,,,,,,,
ZOOKEEPER-3051,3.5.4,3.6.0,,,,,,,,,,,,,,,,,,,,,,,,,,,,,,,,,,,,,,,,,
ZOOKEEPER-3050,3.5.4,3.6.0,,,,,,,,,,,,,,,,,,,,,,,,,,,,,,,,,,,,,,,,,
ZOOKEEPER-3042,3.4.12,3.5.3,3.6.0,,,,,,,,,,,,,,,,,,,,,,,,,,,,,,,,,,,,,,,,pull-request-available
ZOOKEEPER-3041,3.5.3,,,,,,,,,,,,,,,,,,,,,,,,,,,,,,,,,,,,,,,,,,
ZOOKEEPER-3039,3.4.13,3.5.4,3.6.0,,,,,,,,,,,,,,,,,,,,,,,,,,,,,,,,,,,,,,,,
ZOOKEEPER-3038,3.5.3,,,,,,,,,,,,,,,,,,,,,,,,,,,,,,,,,,,,,,,,,,
ZOOKEEPER-3034,3.4.11,,,,,,,,,,,,,,,,,,,,,,,,,,,,,,,,,,,,,,,,,,
ZOOKEEPER-3027,3.4.13,3.5.4,3.6.0,,,,,,,,,,,,,,,,,,,,,,,,,,,,,,,,,,,,,,,,
ZOOKEEPER-3025,3.5.4,3.6.0,,,,,,,,,,,,,,,,,,,,,,,,,,,,,,,,,,,,,,,,,
ZOOKEEPER-3016,3.4.6,,,,,,,,,,,,,,,,,,,,,,,,,,,,,,,,,,,,,,,,,,
ZOOKEEPER-3009,3.4.12,3.6.0,,,,,,,,,,,,,,,,,,,,,,,,,,,,,,,,,,,,,,,,,
ZOOKEEPER-3007,3.6.0,,,,,,,,,,,,,,,,,,,,,,,,,,,,,,,,,,,,,,,,,,
ZOOKEEPER-3006,3.6.0,,,,,,,,,,,,,,,,,,,,,,,,,,,,,,,,,,,,,,,,,,
ZOOKEEPER-3001,3.5.3,,,,,,,,,,,,,,,,,,,,,,,,,,,,,,,,,,,,,,,,,,
ZOOKEEPER-2998,3.6.0,,,,,,,,,,,,,,,,,,,,,,,,,,,,,,,,,,,,,,,,,,
ZOOKEEPER-2993,3.4.10,,,,,,,,,,,,,,,,,,,,,,,,,,,,,,,,,,,,,,,,,,
ZOOKEEPER-2992,3.4.11,3.5.3,,,,,,,,,,,,,,,,,,,,,,,,,,,,,,,,,,,,,,,,,
ZOOKEEPER-2988,3.4.11,3.4.12,3.5.3,,,,,,,,,,,,,,,,,,,,,,,,,,,,,,,,,,,,,,,,
ZOOKEEPER-2982,3.5.0,3.5.1,3.5.3,,,,,,,,,,,,,,,,,,,,,,,,,,,,,,,,,,,,,,,,
ZOOKEEPER-2978,3.4.11,,,,,,,,,,,,,,,,,,,,,,,,,,,,,,,,,,,,,,,,,,
ZOOKEEPER-2964,3.5.3,3.6.0,,,,,,,,,,,,,,,,,,,,,,,,,,,,,,,,,,,,,,,,,
ZOOKEEPER-2961,3.4.11,3.5.3,3.6.0,,,,,,,,,,,,,,,,,,,,,,,,,,,,,,,,,,,,,,,,
ZOOKEEPER-2960,3.4.11,,,,,,,,,,,,,,,,,,,,,,,,,,,,,,,,,,,,,,,,,,
ZOOKEEPER-2959,3.4.10,3.5.3,,,,,,,,,,,,,,,,,,,,,,,,,,,,,,,,,,,,,,,,,
ZOOKEEPER-2953,3.4.11,3.5.3,3.6.0,,,,,,,,,,,,,,,,,,,,,,,,,,,,,,,,,,,,,,,,
ZOOKEEPER-2951,3.4.11,,,,,,,,,,,,,,,,,,,,,,,,,,,,,,,,,,,,,,,,,,
ZOOKEEPER-2949,3.5.3,,,,,,,,,,,,,,,,,,,,,,,,,,,,,,,,,,,,,,,,,,
ZOOKEEPER-2948,3.5.3,3.6.0,,,,,,,,,,,,,,,,,,,,,,,,,,,,,,,,,,,,,,,,,
ZOOKEEPER-2936,3.4.8,3.5.3,3.6.0,,,,,,,,,,,,,,,,,,,,,,,,,,,,,,,,,,,,,,,,
ZOOKEEPER-2934,3.4.10,3.5.3,,,,,,,,,,,,,,,,,,,,,,,,,,,,,,,,,,,,,,,,,
ZOOKEEPER-2931,3.4.10,3.5.3,,,,,,,,,,,,,,,,,,,,,,,,,,,,,,,,,,,,,,,,,
ZOOKEEPER-2926,3.5.3,3.6.0,,,,,,,,,,,,,,,,,,,,,,,,,,,,,,,,,,,,,,,,,
ZOOKEEPER-2924,3.4.10,3.5.3,3.6.0,,,,,,,,,,,,,,,,,,,,,,,,,,,,,,,,,,,,,,,,flaky-test
ZOOKEEPER-2923,3.4.10,3.5.3,,,,,,,,,,,,,,,,,,,,,,,,,,,,,,,,,,,,,,,,,
ZOOKEEPER-2920,3.4.12,3.5.4,3.6.0,,,,,,,,,,,,,,,,,,,,,,,,,,,,,,,,,,,,,,,,pull-request-available
ZOOKEEPER-2914,3.4.11,3.5.4,3.6.0,,,,,,,,,,,,,,,,,,,,,,,,,,,,,,,,,,,,,,,,
ZOOKEEPER-2913,3.4.10,3.4.11,3.5.3,3.6.0,,,,,,,,,,,,,,,,,,,,,,,,,,,,,,,,,,,,,,,pull-request-available
ZOOKEEPER-2909,3.4.10,3.5.3,3.6.0,,,,,,,,,,,,,,,,,,,,,,,,,,,,,,,,,,,,,,,,
ZOOKEEPER-2908,3.4.11,3.5.4,,,,,,,,,,,,,,,,,,,,,,,,,,,,,,,,,,,,,,,,,
ZOOKEEPER-2906,3.4.11,3.5.4,3.6.0,,,,,,,,,,,,,,,,,,,,,,,,,,,,,,,,,,,,,,,,
ZOOKEEPER-2901,3.5.3,,,,,,,,,,,,,,,,,,,,,,,,,,,,,,,,,,,,,,,,,,
ZOOKEEPER-2894,3.4.10,,,,,,,,,,,,,,,,,,,,,,,,,,,,,,,,,,,,,,,,,,pull-request-available
ZOOKEEPER-2893,3.4.6,3.5.3,3.6.0,,,,,,,,,,,,,,,,,,,,,,,,,,,,,,,,,,,,,,,,
ZOOKEEPER-2891,3.4.10,,,,,,,,,,,,,,,,,,,,,,,,,,,,,,,,,,,,,,,,,,pull-request-available
ZOOKEEPER-2890,3.4.10,3.5.3,3.6.0,,,,,,,,,,,,,,,,,,,,,,,,,,,,,,,,,,,,,,,,pull-request-available
ZOOKEEPER-2886,3.4.10,3.5.3,3.6.0,,,,,,,,,,,,,,,,,,,,,,,,,,,,,,,,,,,,,,,,
ZOOKEEPER-2885,3.5.3,,,,,,,,,,,,,,,,,,,,,,,,,,,,,,,,,,,,,,,,,,
ZOOKEEPER-2872,3.4.10,3.5.3,3.6.0,,,,,,,,,,,,,,,,,,,,,,,,,,,,,,,,,,,,,,,,
ZOOKEEPER-2863,3.4.10,,,,,,,,,,,,,,,,,,,,,,,,,,,,,,,,,,,,,,,,,,
ZOOKEEPER-2862,3.5.3,3.6.0,,,,,,,,,,,,,,,,,,,,,,,,,,,,,,,,,,,,,,,,,
ZOOKEEPER-2852,3.5.3,3.6.0,,,,,,,,,,,,,,,,,,,,,,,,,,,,,,,,,,,,,,,,,
ZOOKEEPER-2847,3.5.3,3.6.0,,,,,,,,,,,,,,,,,,,,,,,,,,,,,,,,,,,,,,,,,
ZOOKEEPER-2845,3.4.10,3.5.3,3.6.0,,,,,,,,,,,,,,,,,,,,,,,,,,,,,,,,,,,,,,,,
ZOOKEEPER-2836,3.4.6,,,,,,,,,,,,,,,,,,,,,,,,,,,,,,,,,,,,,,,,,,
ZOOKEEPER-2822,3.5.3,,,,,,,,,,,,,,,,,,,,,,,,,,,,,,,,,,,,,,,,,,
ZOOKEEPER-2819,3.5.0,3.5.1,3.5.2,3.5.3,,,,,,,,,,,,,,,,,,,,,,,,,,,,,,,,,,,,,,,
ZOOKEEPER-2811,3.4.10,,,,,,,,,,,,,,,,,,,,,,,,,,,,,,,,,,,,,,,,,,
ZOOKEEPER-2809,3.4.8,,,,,,,,,,,,,,,,,,,,,,,,,,,,,,,,,,,,,,,,,,
ZOOKEEPER-2808,3.6.0,,,,,,,,,,,,,,,,,,,,,,,,,,,,,,,,,,,,,,,,,,
ZOOKEEPER-2806,3.4.10,3.5.3,3.6.0,,,,,,,,,,,,,,,,,,,,,,,,,,,,,,,,,,,,,,,,
ZOOKEEPER-2798,3.4.10,3.5.3,,,,,,,,,,,,,,,,,,,,,,,,,,,,,,,,,,,,,,,,,
ZOOKEEPER-2797,3.6.0,,,,,,,,,,,,,,,,,,,,,,,,,,,,,,,,,,,,,,,,,,
ZOOKEEPER-2786,3.4.10,3.5.3,,,,,,,,,,,,,,,,,,,,,,,,,,,,,,,,,,,,,,,,,
ZOOKEEPER-2785,3.4.10,,,,,,,,,,,,,,,,,,,,,,,,,,,,,,,,,,,,,,,,,,
ZOOKEEPER-2778,3.5.3,,,,,,,,,,,,,,,,,,,,,,,,,,,,,,,,,,,,,,,,,,
ZOOKEEPER-2777,3.4.10,,,,,,,,,,,,,,,,,,,,,,,,,,,,,,,,,,,,,,,,,,
ZOOKEEPER-2775,3.4.10,3.5.3,3.6.0,,,,,,,,,,,,,,,,,,,,,,,,,,,,,,,,,,,,,,,,
ZOOKEEPER-2774,3.4.10,3.4.8,3.4.9,,,,,,,,,,,,,,,,,,,,,,,,,,,,,,,,,,,,,,,,
ZOOKEEPER-2759,3.4.10,,,,,,,,,,,,,,,,,,,,,,,,,,,,,,,,,,,,,,,,,,
ZOOKEEPER-2757,3.5.3,,,,,,,,,,,,,,,,,,,,,,,,,,,,,,,,,,,,,,,,,,
ZOOKEEPER-2747,3.5.2,,,,,,,,,,,,,,,,,,,,,,,,,,,,,,,,,,,,,,,,,,
ZOOKEEPER-2743,3.4.10,3.5.2,,,,,,,,,,,,,,,,,,,,,,,,,,,,,,,,,,,,,,,,,
ZOOKEEPER-2740,3.4.10,3.4.9,,,,,,,,,,,,,,,,,,,,,,,,,,,,,,,,,,,,,,,,,
ZOOKEEPER-2737,3.5.2,,,,,,,,,,,,,,,,,,,,,,,,,,,,,,,,,,,,,,,,,,netty
ZOOKEEPER-2728,3.4.9,,,,,,,,,,,,,,,,,,,,,,,,,,,,,,,,,,,,,,,,,,
ZOOKEEPER-2725,3.5.2,,,,,,,,,,,,,,,,,,,,,,,,,,,,,,,,,,,,,,,,,,
ZOOKEEPER-2710,3.4.10,,,,,,,,,,,,,,,,,,,,,,,,,,,,,,,,,,,,,,,,,,
ZOOKEEPER-2696,3.4.10,,,,,,,,,,,,,,,,,,,,,,,,,,,,,,,,,,,,,,,,,,
ZOOKEEPER-2694,3.5.0,,,,,,,,,,,,,,,,,,,,,,,,,,,,,,,,,,,,,,,,,,
ZOOKEEPER-2693,3.4.0,3.5.1,3.5.2,,,,,,,,,,,,,,,,,,,,,,,,,,,,,,,,,,,,,,,,
ZOOKEEPER-2691,3.4.10,3.4.11,3.4.8,3.4.9,3.5.0,3.5.1,3.5.2,,,,,,,,,,,,,,,,,,,,,,,,,,,,,,,,,,,,
ZOOKEEPER-2690,3.4.9,3.5.2,,,,,,,,,,,,,,,,,,,,,,,,,,,,,,,,,,,,,,,,,
ZOOKEEPER-2689,3.4.9,,,,,,,,,,,,,,,,,,,,,,,,,,,,,,,,,,,,,,,,,,
ZOOKEEPER-2687,3.5.2,3.6.0,,,,,,,,,,,,,,,,,,,,,,,,,,,,,,,,,,,,,,,,,
ZOOKEEPER-2684,3.6.0,,,,,,,,,,,,,,,,,,,,,,,,,,,,,,,,,,,,,,,,,,
ZOOKEEPER-2683,3.5.2,3.6.0,,,,,,,,,,,,,,,,,,,,,,,,,,,,,,,,,,,,,,,,,
ZOOKEEPER-2680,3.4.9,3.5.1,,,,,,,,,,,,,,,,,,,,,,,,,,,,,,,,,,,,,,,,,
ZOOKEEPER-2678,3.4.9,3.5.2,,,,,,,,,,,,,,,,,,,,,,,,,,,,,,,,,,,,,,,,,
ZOOKEEPER-2652,3.4.10,,,,,,,,,,,,,,,,,,,,,,,,,,,,,,,,,,,,,,,,,,
ZOOKEEPER-2651,3.4.9,3.5.2,,,,,,,,,,,,,,,,,,,,,,,,,,,,,,,,,,,,,,,,,
ZOOKEEPER-2646,3.4.9,,,,,,,,,,,,,,,,,,,,,,,,,,,,,,,,,,,,,,,,,,
ZOOKEEPER-2642,3.5.2,,,,,,,,,,,,,,,,,,,,,,,,,,,,,,,,,,,,,,,,,,
ZOOKEEPER-2636,3.5.3,,,,,,,,,,,,,,,,,,,,,,,,,,,,,,,,,,,,,,,,,,
ZOOKEEPER-2628,3.5.2,,,,,,,,,,,,,,,,,,,,,,,,,,,,,,,,,,,,,,,,,,
ZOOKEEPER-2627,3.5.2,,,,,,,,,,,,,,,,,,,,,,,,,,,,,,,,,,,,,,,,,,
ZOOKEEPER-2621,3.4.9,,,,,,,,,,,,,,,,,,,,,,,,,,,,,,,,,,,,,,,,,,
ZOOKEEPER-2617,3.4.9,,,,,,,,,,,,,,,,,,,,,,,,,,,,,,,,,,,,,,,,,,patch
ZOOKEEPER-2614,3.4.9,,,,,,,,,,,,,,,,,,,,,,,,,,,,,,,,,,,,,,,,,,
ZOOKEEPER-2581,3.5.1,,,,,,,,,,,,,,,,,,,,,,,,,,,,,,,,,,,,,,,,,,
ZOOKEEPER-2579,3.4.9,3.5.2,,,,,,,,,,,,,,,,,,,,,,,,,,,,,,,,,,,,,,,,,
ZOOKEEPER-2574,3.4.7,3.4.8,3.5.0,3.5.1,3.5.2,,,,,,,,,,,,,,,,,,,,,,,,,,,,,,,,,,,,,,
ZOOKEEPER-2573,3.4.9,3.5.2,,,,,,,,,,,,,,,,,,,,,,,,,,,,,,,,,,,,,,,,,
ZOOKEEPER-2563,3.5.1,,,,,,,,,,,,,,,,,,,,,,,,,,,,,,,,,,,,,,,,,,
ZOOKEEPER-2558,3.4.9,3.5.2,,,,,,,,,,,,,,,,,,,,,,,,,,,,,,,,,,,,,,,,,
ZOOKEEPER-2556,3.5.1,3.5.2,,,,,,,,,,,,,,,,,,,,,,,,,,,,,,,,,,,,,,,,,
ZOOKEEPER-2552,3.4.9,,,,,,,,,,,,,,,,,,,,,,,,,,,,,,,,,,,,,,,,,,
ZOOKEEPER-2542,3.4.9,,,,,,,,,,,,,,,,,,,,,,,,,,,,,,,,,,,,,,,,,,
ZOOKEEPER-2539,3.5.1,3.5.2,,,,,,,,,,,,,,,,,,,,,,,,,,,,,,,,,,,,,,,,,
ZOOKEEPER-2536,3.5.1,3.5.2,,,,,,,,,,,,,,,,,,,,,,,,,,,,,,,,,,,,,,,,,
ZOOKEEPER-2517,3.5.2,,,,,,,,,,,,,,,,,,,,,,,,,,,,,,,,,,,,,,,,,,
ZOOKEEPER-2500,3.5.3,,,,,,,,,,,,,,,,,,,,,,,,,,,,,,,,,,,,,,,,,,
ZOOKEEPER-2498,3.4.8,3.5.2,,,,,,,,,,,,,,,,,,,,,,,,,,,,,,,,,,,,,,,,,
ZOOKEEPER-2477,3.4.8,3.5.2,,,,,,,,,,,,,,,,,,,,,,,,,,,,,,,,,,,,,,,,,
ZOOKEEPER-2474,3.5.2,,,,,,,,,,,,,,,,,,,,,,,,,,,,,,,,,,,,,,,,,,
ZOOKEEPER-2470,3.4.7,3.5.1,,,,,,,,,,,,,,,,,,,,,,,,,,,,,,,,,,,,,,,,,
ZOOKEEPER-2467,3.4.8,3.5.1,3.5.2,,,,,,,,,,,,,,,,,,,,,,,,,,,,,,,,,,,,,,,,
ZOOKEEPER-2464,3.5.1,,,,,,,,,,,,,,,,,,,,,,,,,,,,,,,,,,,,,,,,,,
ZOOKEEPER-2460,3.5.2,,,,,,,,,,,,,,,,,,,,,,,,,,,,,,,,,,,,,,,,,,
ZOOKEEPER-2458,3.5.2,3.6.0,,,,,,,,,,,,,,,,,,,,,,,,,,,,,,,,,,,,,,,,,
ZOOKEEPER-2450,3.4.8,3.5.1,3.6.0,,,,,,,,,,,,,,,,,,,,,,,,,,,,,,,,,,,,,,,,
ZOOKEEPER-2442,3.5.1,,,,,,,,,,,,,,,,,,,,,,,,,,,,,,,,,,,,,,,,,,
ZOOKEEPER-2418,3.5.1,,,,,,,,,,,,,,,,,,,,,,,,,,,,,,,,,,,,,,,,,,
ZOOKEEPER-2413,3.5.1,,,,,,,,,,,,,,,,,,,,,,,,,,,,,,,,,,,,,,,,,,
ZOOKEEPER-2405,3.4.8,3.5.1,3.6.0,,,,,,,,,,,,,,,,,,,,,,,,,,,,,,,,,,,,,,,,
ZOOKEEPER-2388,3.5.2,,,,,,,,,,,,,,,,,,,,,,,,,,,,,,,,,,,,,,,,,,
ZOOKEEPER-2383,3.4.8,,,,,,,,,,,,,,,,,,,,,,,,,,,,,,,,,,,,,,,,,,
ZOOKEEPER-2379,3.4.9,3.5.2,3.6.0,,,,,,,,,,,,,,,,,,,,,,,,,,,,,,,,,,,,,,,,
ZOOKEEPER-2375,3.4.6,3.4.8,3.5.0,3.5.1,,,,,,,,,,,,,,,,,,,,,,,,,,,,,,,,,,,,,,,
ZOOKEEPER-2366,3.5.0,,,,,,,,,,,,,,,,,,,,,,,,,,,,,,,,,,,,,,,,,,
ZOOKEEPER-2364,3.5.2,,,,,,,,,,,,,,,,,,,,,,,,,,,,,,,,,,,,,,,,,,
ZOOKEEPER-2360,3.4.7,3.5.1,,,,,,,,,,,,,,,,,,,,,,,,,,,,,,,,,,,,,,,,,
ZOOKEEPER-2355,3.4.10,3.4.8,3.4.9,3.5.1,3.5.2,3.5.3,,,,,,,,,,,,,,,,,,,,,,,,,,,,,,,,,,,,,
ZOOKEEPER-2347,3.4.7,,,,,,,,,,,,,,,,,,,,,,,,,,,,,,,,,,,,,,,,,,
ZOOKEEPER-2338,3.4.11,3.5.3,3.6.0,,,,,,,,,,,,,,,,,,,,,,,,,,,,,,,,,,,,,,,,
ZOOKEEPER-2330,3.5.0,,,,,,,,,,,,,,,,,,,,,,,,,,,,,,,,,,,,,,,,,,
ZOOKEEPER-2325,3.4.6,,,,,,,,,,,,,,,,,,,,,,,,,,,,,,,,,,,,,,,,,,
ZOOKEEPER-2323,3.4.7,3.5.1,,,,,,,,,,,,,,,,,,,,,,,,,,,,,,,,,,,,,,,,,
ZOOKEEPER-2319,3.4.6,,,,,,,,,,,,,,,,,,,,,,,,,,,,,,,,,,,,,,,,,,
ZOOKEEPER-2317,3.5.1,,,,,,,,,,,,,,,,,,,,,,,,,,,,,,,,,,,,,,,,,,
ZOOKEEPER-2316,3.5.1,,,,,,,,,,,,,,,,,,,,,,,,,,,,,,,,,,,,,,,,,,
ZOOKEEPER-2311,3.4.7,3.5.1,,,,,,,,,,,,,,,,,,,,,,,,,,,,,,,,,,,,,,,,,
ZOOKEEPER-2310,3.4.6,,,,,,,,,,,,,,,,,,,,,,,,,,,,,,,,,,,,,,,,,,
ZOOKEEPER-2297,3.5.1,,,,,,,,,,,,,,,,,,,,,,,,,,,,,,,,,,,,,,,,,,
ZOOKEEPER-2295,3.4.7,3.5.1,,,,,,,,,,,,,,,,,,,,,,,,,,,,,,,,,,,,,,,,,
ZOOKEEPER-2284,3.5.0,,,,,,,,,,,,,,,,,,,,,,,,,,,,,,,,,,,,,,,,,,
ZOOKEEPER-2283,3.4.8,3.5.0,,,,,,,,,,,,,,,,,,,,,,,,,,,,,,,,,,,,,,,,,
ZOOKEEPER-2282,3.4.6,3.5.0,,,,,,,,,,,,,,,,,,,,,,,,,,,,,,,,,,,,,,,,,
ZOOKEEPER-2279,3.5.0,3.5.1,,,,,,,,,,,,,,,,,,,,,,,,,,,,,,,,,,,,,,,,,
ZOOKEEPER-2269,3.5.0,,,,,,,,,,,,,,,,,,,,,,,,,,,,,,,,,,,,,,,,,,
ZOOKEEPER-2268,3.5.0,,,,,,,,,,,,,,,,,,,,,,,,,,,,,,,,,,,,,,,,,,
ZOOKEEPER-2261,3.5.0,,,,,,,,,,,,,,,,,,,,,,,,,,,,,,,,,,,,,,,,,,
ZOOKEEPER-2256,3.5.0,,,,,,,,,,,,,,,,,,,,,,,,,,,,,,,,,,,,,,,,,,
ZOOKEEPER-2253,3.5.0,,,,,,,,,,,,,,,,,,,,,,,,,,,,,,,,,,,,,,,,,,
ZOOKEEPER-2252,3.5.0,,,,,,,,,,,,,,,,,,,,,,,,,,,,,,,,,,,,,,,,,,
ZOOKEEPER-2251,3.4.11,3.4.9,3.5.2,,,,,,,,,,,,,,,,,,,,,,,,,,,,,,,,,,,,,,,,pull-request-available
ZOOKEEPER-2249,3.4.11,3.5.3,3.6.0,,,,,,,,,,,,,,,,,,,,,,,,,,,,,,,,,,,,,,,,
ZOOKEEPER-2247,3.5.0,,,,,,,,,,,,,,,,,,,,,,,,,,,,,,,,,,,,,,,,,,
ZOOKEEPER-2245,3.5.0,,,,,,,,,,,,,,,,,,,,,,,,,,,,,,,,,,,,,,,,,,
ZOOKEEPER-2244,3.5.0,,,,,,,,,,,,,,,,,,,,,,,,,,,,,,,,,,,,,,,,,,
ZOOKEEPER-2239,3.4.6,3.5.0,3.5.1,,,,,,,,,,,,,,,,,,,,,,,,,,,,,,,,,,,,,,,,
ZOOKEEPER-2235,3.4.6,3.5.0,,,,,,,,,,,,,,,,,,,,,,,,,,,,,,,,,,,,,,,,,
ZOOKEEPER-2227,3.3.0,,,,,,,,,,,,,,,,,,,,,,,,,,,,,,,,,,,,,,,,,,
ZOOKEEPER-2221,3.5.0,,,,,,,,,,,,,,,,,,,,,,,,,,,,,,,,,,,,,,,,,,
ZOOKEEPER-2213,3.4.5,,,,,,,,,,,,,,,,,,,,,,,,,,,,,,,,,,,,,,,,,,
ZOOKEEPER-2212,3.5.0,,,,,,,,,,,,,,,,,,,,,,,,,,,,,,,,,,,,,,,,,,
ZOOKEEPER-2211,3.4.6,3.5.0,,,,,,,,,,,,,,,,,,,,,,,,,,,,,,,,,,,,,,,,,
ZOOKEEPER-2201,3.4.6,3.5.0,,,,,,,,,,,,,,,,,,,,,,,,,,,,,,,,,,,,,,,,,
ZOOKEEPER-2195,3.4.6,3.5.0,,,,,,,,,,,,,,,,,,,,,,,,,,,,,,,,,,,,,,,,,
ZOOKEEPER-2193,3.5.0,,,,,,,,,,,,,,,,,,,,,,,,,,,,,,,,,,,,,,,,,,
ZOOKEEPER-2186,3.4.6,3.5.0,,,,,,,,,,,,,,,,,,,,,,,,,,,,,,,,,,,,,,,,,
ZOOKEEPER-2184,3.4.10,3.4.11,3.4.6,3.4.7,3.4.8,3.4.9,3.5.0,3.5.1,3.5.2,3.5.3,,,,,,,,,,,,,,,,,,,,,,,,,,,,,,,,,patch
ZOOKEEPER-2182,3.5.0,,,,,,,,,,,,,,,,,,,,,,,,,,,,,,,,,,,,,,,,,,
ZOOKEEPER-2178,3.5.0,,,,,,,,,,,,,,,,,,,,,,,,,,,,,,,,,,,,,,,,,,
ZOOKEEPER-2172,3.5.0,,,,,,,,,,,,,,,,,,,,,,,,,,,,,,,,,,,,,,,,,,
ZOOKEEPER-2164,3.4.5,,,,,,,,,,,,,,,,,,,,,,,,,,,,,,,,,,,,,,,,,,
ZOOKEEPER-2142,3.4.6,3.5.1,,,,,,,,,,,,,,,,,,,,,,,,,,,,,,,,,,,,,,,,,
ZOOKEEPER-2141,3.4.6,,,,,,,,,,,,,,,,,,,,,,,,,,,,,,,,,,,,,,,,,,
ZOOKEEPER-2133,3.4.6,3.5.0,,,,,,,,,,,,,,,,,,,,,,,,,,,,,,,,,,,,,,,,,
ZOOKEEPER-2124,3.4.6,,,,,,,,,,,,,,,,,,,,,,,,,,,,,,,,,,,,,,,,,,
ZOOKEEPER-2114,3.5.0,,,,,,,,,,,,,,,,,,,,,,,,,,,,,,,,,,,,,,,,,,
ZOOKEEPER-2109,3.5.0,,,,,,,,,,,,,,,,,,,,,,,,,,,,,,,,,,,,,,,,,,
ZOOKEEPER-2096,3.4.6,3.5.0,,,,,,,,,,,,,,,,,,,,,,,,,,,,,,,,,,,,,,,,,
ZOOKEEPER-2082,3.4.6,,,,,,,,,,,,,,,,,,,,,,,,,,,,,,,,,,,,,,,,,,
ZOOKEEPER-2074,3.5.0,,,,,,,,,,,,,,,,,,,,,,,,,,,,,,,,,,,,,,,,,,
ZOOKEEPER-2073,3.6.0,,,,,,,,,,,,,,,,,,,,,,,,,,,,,,,,,,,,,,,,,,
ZOOKEEPER-2062,3.5.0,,,,,,,,,,,,,,,,,,,,,,,,,,,,,,,,,,,,,,,,,,
ZOOKEEPER-2060,3.4.6,3.5.0,,,,,,,,,,,,,,,,,,,,,,,,,,,,,,,,,,,,,,,,,
ZOOKEEPER-2056,3.4.6,3.5.0,,,,,,,,,,,,,,,,,,,,,,,,,,,,,,,,,,,,,,,,,
ZOOKEEPER-2052,3.4.6,3.5.0,,,,,,,,,,,,,,,,,,,,,,,,,,,,,,,,,,,,,,,,,
ZOOKEEPER-2049,3.4.5,3.4.6,3.5.0,,,,,,,,,,,,,,,,,,,,,,,,,,,,,,,,,,,,,,,,
ZOOKEEPER-2044,3.4.6,,,,,,,,,,,,,,,,,,,,,,,,,,,,,,,,,,,,,,,,,,
ZOOKEEPER-2039,3.4.6,3.5.0,,,,,,,,,,,,,,,,,,,,,,,,,,,,,,,,,,,,,,,,,
ZOOKEEPER-2033,3.4.6,,,,,,,,,,,,,,,,,,,,,,,,,,,,,,,,,,,,,,,,,,
ZOOKEEPER-2030,3.5.0,,,,,,,,,,,,,,,,,,,,,,,,,,,,,,,,,,,,,,,,,,
ZOOKEEPER-2029,3.4.6,,,,,,,,,,,,,,,,,,,,,,,,,,,,,,,,,,,,,,,,,,
ZOOKEEPER-2026,3.4.6,3.5.0,,,,,,,,,,,,,,,,,,,,,,,,,,,,,,,,,,,,,,,,,
ZOOKEEPER-2014,3.5.0,,,,,,,,,,,,,,,,,,,,,,,,,,,,,,,,,,,,,,,,,,
ZOOKEEPER-2008,3.5.0,,,,,,,,,,,,,,,,,,,,,,,,,,,,,,,,,,,,,,,,,,
ZOOKEEPER-2006,3.5.0,,,,,,,,,,,,,,,,,,,,,,,,,,,,,,,,,,,,,,,,,,
ZOOKEEPER-1999,3.5.0,,,,,,,,,,,,,,,,,,,,,,,,,,,,,,,,,,,,,,,,,,
ZOOKEEPER-1998,3.5.0,,,,,,,,,,,,,,,,,,,,,,,,,,,,,,,,,,,,,,,,,,
ZOOKEEPER-1992,3.5.0,,,,,,,,,,,,,,,,,,,,,,,,,,,,,,,,,,,,,,,,,,
ZOOKEEPER-1991,3.4.6,,,,,,,,,,,,,,,,,,,,,,,,,,,,,,,,,,,,,,,,,,
ZOOKEEPER-1990,3.5.0,,,,,,,,,,,,,,,,,,,,,,,,,,,,,,,,,,,,,,,,,,
ZOOKEEPER-1987,3.5.0,,,,,,,,,,,,,,,,,,,,,,,,,,,,,,,,,,,,,,,,,,
ZOOKEEPER-1984,3.5.0,,,,,,,,,,,,,,,,,,,,,,,,,,,,,,,,,,,,,,,,,,
ZOOKEEPER-1974,3.5.0,,,,,,,,,,,,,,,,,,,,,,,,,,,,,,,,,,,,,,,,,,
ZOOKEEPER-1973,3.5.0,,,,,,,,,,,,,,,,,,,,,,,,,,,,,,,,,,,,,,,,,,
ZOOKEEPER-1966,3.5.0,,,,,,,,,,,,,,,,,,,,,,,,,,,,,,,,,,,,,,,,,,
ZOOKEEPER-1952,3.4.6,,,,,,,,,,,,,,,,,,,,,,,,,,,,,,,,,,,,,,,,,,
ZOOKEEPER-1945,3.4.6,,,,,,,,,,,,,,,,,,,,,,,,,,,,,,,,,,,,,,,,,,
ZOOKEEPER-1943,3.4.6,,,,,,,,,,,,,,,,,,,,,,,,,,,,,,,,,,,,,,,,,,
ZOOKEEPER-1937,3.4.6,,,,,,,,,,,,,,,,,,,,,,,,,,,,,,,,,,,,,,,,,,
ZOOKEEPER-1936,3.4.6,3.5.0,,,,,,,,,,,,,,,,,,,,,,,,,,,,,,,,,,,,,,,,,
ZOOKEEPER-1933,3.4.6,,,,,,,,,,,,,,,,,,,,,,,,,,,,,,,,,,,,,,,,,,
ZOOKEEPER-1932,3.5.0,,,,,,,,,,,,,,,,,,,,,,,,,,,,,,,,,,,,,,,,,,
ZOOKEEPER-1929,3.3.5,3.4.6,3.5.1,,,,,,,,,,,,,,,,,,,,,,,,,,,,,,,,,,,,,,,,
ZOOKEEPER-1927,3.4.6,,,,,,,,,,,,,,,,,,,,,,,,,,,,,,,,,,,,,,,,,,
ZOOKEEPER-1923,3.4.6,,,,,,,,,,,,,,,,,,,,,,,,,,,,,,,,,,,,,,,,,,
ZOOKEEPER-1919,3.5.0,,,,,,,,,,,,,,,,,,,,,,,,,,,,,,,,,,,,,,,,,,
ZOOKEEPER-1913,3.4.6,3.5.0,,,,,,,,,,,,,,,,,,,,,,,,,,,,,,,,,,,,,,,,,
ZOOKEEPER-1911,3.4.6,3.5.0,,,,,,,,,,,,,,,,,,,,,,,,,,,,,,,,,,,,,,,,,
ZOOKEEPER-1909,3.5.0,,,,,,,,,,,,,,,,,,,,,,,,,,,,,,,,,,,,,,,,,,
ZOOKEEPER-1906,3.4.6,3.5.0,,,,,,,,,,,,,,,,,,,,,,,,,,,,,,,,,,,,,,,,,
ZOOKEEPER-1901,3.4.6,,,,,,,,,,,,,,,,,,,,,,,,,,,,,,,,,,,,,,,,,,
ZOOKEEPER-1900,3.4.5,3.4.6,,,,,,,,,,,,,,,,,,,,,,,,,,,,,,,,,,,,,,,,,
ZOOKEEPER-1898,3.4.5,,,,,,,,,,,,,,,,,,,,,,,,,,,,,,,,,,,,,,,,,,
ZOOKEEPER-1897,3.4.6,,,,,,,,,,,,,,,,,,,,,,,,,,,,,,,,,,,,,,,,,,
ZOOKEEPER-1895,3.4.7,3.5.0,,,,,,,,,,,,,,,,,,,,,,,,,,,,,,,,,,,,,,,,,
ZOOKEEPER-1894,3.5.0,,,,,,,,,,,,,,,,,,,,,,,,,,,,,,,,,,,,,,,,,,
ZOOKEEPER-1891,3.5.0,,,,,,,,,,,,,,,,,,,,,,,,,,,,,,,,,,,,,,,,,,
ZOOKEEPER-1888,3.4.5,,,,,,,,,,,,,,,,,,,,,,,,,,,,,,,,,,,,,,,,,,
ZOOKEEPER-1878,3.4.5,,,,,,,,,,,,,,,,,,,,,,,,,,,,,,,,,,,,,,,,,,
ZOOKEEPER-1877,3.5.0,,,,,,,,,,,,,,,,,,,,,,,,,,,,,,,,,,,,,,,,,,
ZOOKEEPER-1870,3.4.6,,,,,,,,,,,,,,,,,,,,,,,,,,,,,,,,,,,,,,,,,,
ZOOKEEPER-1863,3.5.0,,,,,,,,,,,,,,,,,,,,,,,,,,,,,,,,,,,,,,,,,,
ZOOKEEPER-1862,3.5.0,,,,,,,,,,,,,,,,,,,,,,,,,,,,,,,,,,,,,,,,,,
ZOOKEEPER-1861,3.5.0,,,,,,,,,,,,,,,,,,,,,,,,,,,,,,,,,,,,,,,,,,
ZOOKEEPER-1860,3.5.0,,,,,,,,,,,,,,,,,,,,,,,,,,,,,,,,,,,,,,,,,,
ZOOKEEPER-1853,3.4.6,3.5.0,,,,,,,,,,,,,,,,,,,,,,,,,,,,,,,,,,,,,,,,,
ZOOKEEPER-1851,3.5.0,,,,,,,,,,,,,,,,,,,,,,,,,,,,,,,,,,,,,,,,,,
ZOOKEEPER-1844,3.4.5,3.5.0,,,,,,,,,,,,,,,,,,,,,,,,,,,,,,,,,,,,,,,,,
ZOOKEEPER-1840,3.5.0,,,,,,,,,,,,,,,,,,,,,,,,,,,,,,,,,,,,,,,,,,
ZOOKEEPER-1839,3.4.5,,,,,,,,,,,,,,,,,,,,,,,,,,,,,,,,,,,,,,,,,,
ZOOKEEPER-1835,3.5.0,,,,,,,,,,,,,,,,,,,,,,,,,,,,,,,,,,,,,,,,,,
ZOOKEEPER-1833,3.4.5,,,,,,,,,,,,,,,,,,,,,,,,,,,,,,,,,,,,,,,,,,
ZOOKEEPER-1821,3.4.6,3.5.0,,,,,,,,,,,,,,,,,,,,,,,,,,,,,,,,,,,,,,,,,
ZOOKEEPER-1819,3.5.0,,,,,,,,,,,,,,,,,,,,,,,,,,,,,,,,,,,,,,,,,,
ZOOKEEPER-1818,3.5.1,,,,,,,,,,,,,,,,,,,,,,,,,,,,,,,,,,,,,,,,,,
ZOOKEEPER-1812,3.4.5,3.5.0,,,,,,,,,,,,,,,,,,,,,,,,,,,,,,,,,,,,,,,,,
ZOOKEEPER-1811,3.4.5,,,,,,,,,,,,,,,,,,,,,,,,,,,,,,,,,,,,,,,,,,
ZOOKEEPER-1810,3.5.0,,,,,,,,,,,,,,,,,,,,,,,,,,,,,,,,,,,,,,,,,,
ZOOKEEPER-1799,3.4.5,,,,,,,,,,,,,,,,,,,,,,,,,,,,,,,,,,,,,,,,,,
ZOOKEEPER-1797,3.4.5,,,,,,,,,,,,,,,,,,,,,,,,,,,,,,,,,,,,,,,,,,
ZOOKEEPER-1795,3.5.0,,,,,,,,,,,,,,,,,,,,,,,,,,,,,,,,,,,,,,,,,,
ZOOKEEPER-1791,3.5.0,,,,,,,,,,,,,,,,,,,,,,,,,,,,,,,,,,,,,,,,,,
ZOOKEEPER-1789,3.5.0,,,,,,,,,,,,,,,,,,,,,,,,,,,,,,,,,,,,,,,,,,
ZOOKEEPER-1786,3.4.6,,,,,,,,,,,,,,,,,,,,,,,,,,,,,,,,,,,,,,,,,,
ZOOKEEPER-1784,3.5.0,,,,,,,,,,,,,,,,,,,,,,,,,,,,,,,,,,,,,,,,,,
ZOOKEEPER-1783,3.5.0,,,,,,,,,,,,,,,,,,,,,,,,,,,,,,,,,,,,,,,,,,
ZOOKEEPER-1782,3.4.5,,,,,,,,,,,,,,,,,,,,,,,,,,,,,,,,,,,,,,,,,,
ZOOKEEPER-1781,3.4.5,,,,,,,,,,,,,,,,,,,,,,,,,,,,,,,,,,,,,,,,,,
ZOOKEEPER-1779,3.5.0,,,,,,,,,,,,,,,,,,,,,,,,,,,,,,,,,,,,,,,,,,
ZOOKEEPER-1774,3.4.6,,,,,,,,,,,,,,,,,,,,,,,,,,,,,,,,,,,,,,,,,,
ZOOKEEPER-1773,3.5.0,,,,,,,,,,,,,,,,,,,,,,,,,,,,,,,,,,,,,,,,,,
ZOOKEEPER-1770,3.4.5,,,,,,,,,,,,,,,,,,,,,,,,,,,,,,,,,,,,,,,,,,
ZOOKEEPER-1769,3.5.0,,,,,,,,,,,,,,,,,,,,,,,,,,,,,,,,,,,,,,,,,,
ZOOKEEPER-1756,3.3.4,3.4.5,,,,,,,,,,,,,,,,,,,,,,,,,,,,,,,,,,,,,,,,,
ZOOKEEPER-1755,3.4.5,,,,,,,,,,,,,,,,,,,,,,,,,,,,,,,,,,,,,,,,,,
ZOOKEEPER-1754,3.5.0,,,,,,,,,,,,,,,,,,,,,,,,,,,,,,,,,,,,,,,,,,
ZOOKEEPER-1751,3.3.5,3.4.5,,,,,,,,,,,,,,,,,,,,,,,,,,,,,,,,,,,,,,,,,
ZOOKEEPER-1750,3.5.0,,,,,,,,,,,,,,,,,,,,,,,,,,,,,,,,,,,,,,,,,,
ZOOKEEPER-1745,3.4.5,,,,,,,,,,,,,,,,,,,,,,,,,,,,,,,,,,,,,,,,,,
ZOOKEEPER-1744,3.4.5,,,,,,,,,,,,,,,,,,,,,,,,,,,,,,,,,,,,,,,,,,
ZOOKEEPER-1740,3.3.4,,,,,,,,,,,,,,,,,,,,,,,,,,,,,,,,,,,,,,,,,,
ZOOKEEPER-1733,3.4.5,,,,,,,,,,,,,,,,,,,,,,,,,,,,,,,,,,,,,,,,,,
ZOOKEEPER-1732,3.4.5,,,,,,,,,,,,,,,,,,,,,,,,,,,,,,,,,,,,,,,,,,
ZOOKEEPER-1725,3.5.0,,,,,,,,,,,,,,,,,,,,,,,,,,,,,,,,,,,,,,,,,,
ZOOKEEPER-1719,3.4.5,3.5.0,,,,,,,,,,,,,,,,,,,,,,,,,,,,,,,,,,,,,,,,,
ZOOKEEPER-1714,3.4.5,,,,,,,,,,,,,,,,,,,,,,,,,,,,,,,,,,,,,,,,,,
ZOOKEEPER-1713,3.4.5,,,,,,,,,,,,,,,,,,,,,,,,,,,,,,,,,,,,,,,,,,
ZOOKEEPER-1706,3.4.5,,,,,,,,,,,,,,,,,,,,,,,,,,,,,,,,,,,,,,,,,,
ZOOKEEPER-1702,3.4.2,,,,,,,,,,,,,,,,,,,,,,,,,,,,,,,,,,,,,,,,,,
ZOOKEEPER-1700,3.5.0,,,,,,,,,,,,,,,,,,,,,,,,,,,,,,,,,,,,,,,,,,
ZOOKEEPER-1699,3.5.0,,,,,,,,,,,,,,,,,,,,,,,,,,,,,,,,,,,,,,,,,,
ZOOKEEPER-1697,3.4.3,3.5.0,,,,,,,,,,,,,,,,,,,,,,,,,,,,,,,,,,,,,,,,,
ZOOKEEPER-1696,3.4.5,,,,,,,,,,,,,,,,,,,,,,,,,,,,,,,,,,,,,,,,,,
ZOOKEEPER-1695,3.5.0,,,,,,,,,,,,,,,,,,,,,,,,,,,,,,,,,,,,,,,,,,
ZOOKEEPER-1686,3.4.5,,,,,,,,,,,,,,,,,,,,,,,,,,,,,,,,,,,,,,,,,,
ZOOKEEPER-1683,3.5.0,,,,,,,,,,,,,,,,,,,,,,,,,,,,,,,,,,,,,,,,,,
ZOOKEEPER-1673,3.4.5,,,,,,,,,,,,,,,,,,,,,,,,,,,,,,,,,,,,,,,,,,
ZOOKEEPER-1672,3.5.0,,,,,,,,,,,,,,,,,,,,,,,,,,,,,,,,,,,,,,,,,,
ZOOKEEPER-1670,3.4.5,,,,,,,,,,,,,,,,,,,,,,,,,,,,,,,,,,,,,,,,,,
ZOOKEEPER-1667,3.3.6,3.4.5,,,,,,,,,,,,,,,,,,,,,,,,,,,,,,,,,,,,,,,,,
ZOOKEEPER-1664,3.4.5,3.5.0,,,,,,,,,,,,,,,,,,,,,,,,,,,,,,,,,,,,,,,,,
ZOOKEEPER-1663,3.4.5,,,,,,,,,,,,,,,,,,,,,,,,,,,,,,,,,,,,,,,,,,
ZOOKEEPER-1662,3.5.0,,,,,,,,,,,,,,,,,,,,,,,,,,,,,,,,,,,,,,,,,,
ZOOKEEPER-1659,3.5.0,,,,,,,,,,,,,,,,,,,,,,,,,,,,,,,,,,,,,,,,,,
ZOOKEEPER-1657,3.4.5,,,,,,,,,,,,,,,,,,,,,,,,,,,,,,,,,,,,,,,,,,
ZOOKEEPER-1655,3.4.2,,,,,,,,,,,,,,,,,,,,,,,,,,,,,,,,,,,,,,,,,,
ZOOKEEPER-1653,3.4.5,,,,,,,,,,,,,,,,,,,,,,,,,,,,,,,,,,,,,,,,,,
ZOOKEEPER-1647,3.4.6,3.5.0,,,,,,,,,,,,,,,,,,,,,,,,,,,,,,,,,,,,,,,,,
ZOOKEEPER-1646,3.4.5,3.5.0,,,,,,,,,,,,,,,,,,,,,,,,,,,,,,,,,,,,,,,,,
ZOOKEEPER-1645,3.4.6,3.5.0,,,,,,,,,,,,,,,,,,,,,,,,,,,,,,,,,,,,,,,,,
ZOOKEEPER-1643,3.3.3,,,,,,,,,,,,,,,,,,,,,,,,,,,,,,,,,,,,,,,,,,
ZOOKEEPER-1636,3.4.3,,,,,,,,,,,,,,,,,,,,,,,,,,,,,,,,,,,,,,,,,,
ZOOKEEPER-1625,3.5.0,,,,,,,,,,,,,,,,,,,,,,,,,,,,,,,,,,,,,,,,,,
ZOOKEEPER-1622,3.4.0,3.5.0,,,,,,,,,,,,,,,,,,,,,,,,,,,,,,,,,,,,,,,,,
ZOOKEEPER-1620,3.5.0,,,,,,,,,,,,,,,,,,,,,,,,,,,,,,,,,,,,,,,,,,
ZOOKEEPER-1613,3.4.5,,,,,,,,,,,,,,,,,,,,,,,,,,,,,,,,,,,,,,,,,,
ZOOKEEPER-1610,3.4.5,3.5.0,,,,,,,,,,,,,,,,,,,,,,,,,,,,,,,,,,,,,,,,,
ZOOKEEPER-1606,3.4.5,3.5.0,,,,,,,,,,,,,,,,,,,,,,,,,,,,,,,,,,,,,,,,,
ZOOKEEPER-1603,3.5.0,,,,,,,,,,,,,,,,,,,,,,,,,,,,,,,,,,,,,,,,,,
ZOOKEEPER-1602,3.5.0,,,,,,,,,,,,,,,,,,,,,,,,,,,,,,,,,,,,,,,,,,
ZOOKEEPER-1597,3.5.0,,,,,,,,,,,,,,,,,,,,,,,,,,,,,,,,,,,,,,,,,,
ZOOKEEPER-1596,3.4.5,3.5.0,,,,,,,,,,,,,,,,,,,,,,,,,,,,,,,,,,,,,,,,,
ZOOKEEPER-1591,3.5.0,,,,,,,,,,,,,,,,,,,,,,,,,,,,,,,,,,,,,,,,,,
ZOOKEEPER-1590,3.5.0,,,,,,,,,,,,,,,,,,,,,,,,,,,,,,,,,,,,,,,,,,remove_watches
ZOOKEEPER-1585,3.5.0,,,,,,,,,,,,,,,,,,,,,,,,,,,,,,,,,,,,,,,,,,
ZOOKEEPER-1580,3.4.11,3.5.3,3.6.0,,,,,,,,,,,,,,,,,,,,,,,,,,,,,,,,,,,,,,,,
ZOOKEEPER-1578,3.4.3,,,,,,,,,,,,,,,,,,,,,,,,,,,,,,,,,,,,,,,,,,
ZOOKEEPER-1576,3.5.0,,,,,,,,,,,,,,,,,,,,,,,,,,,,,,,,,,,,,,,,,,
ZOOKEEPER-1573,3.4.3,3.5.0,,,,,,,,,,,,,,,,,,,,,,,,,,,,,,,,,,,,,,,,,
ZOOKEEPER-1563,3.4.4,,,,,,,,,,,,,,,,,,,,,,,,,,,,,,,,,,,,,,,,,,
ZOOKEEPER-1562,3.4.3,3.4.4,,,,,,,,,,,,,,,,,,,,,,,,,,,,,,,,,,,,,,,,,
ZOOKEEPER-1560,3.4.4,3.5.0,,,,,,,,,,,,,,,,,,,,,,,,,,,,,,,,,,,,,,,,,
ZOOKEEPER-1557,3.4.5,3.5.0,,,,,,,,,,,,,,,,,,,,,,,,,,,,,,,,,,,,,,,,,
ZOOKEEPER-1554,3.4.4,,,,,,,,,,,,,,,,,,,,,,,,,,,,,,,,,,,,,,,,,,
ZOOKEEPER-1553,3.5.0,,,,,,,,,,,,,,,,,,,,,,,,,,,,,,,,,,,,,,,,,,
ZOOKEEPER-1551,3.4.3,,,,,,,,,,,,,,,,,,,,,,,,,,,,,,,,,,,,,,,,,,
ZOOKEEPER-1550,3.4.4,,,,,,,,,,,,,,,,,,,,,,,,,,,,,,,,,,,,,,,,,,
ZOOKEEPER-1540,3.5.0,,,,,,,,,,,,,,,,,,,,,,,,,,,,,,,,,,,,,,,,,,
ZOOKEEPER-1538,3.4.3,,,,,,,,,,,,,,,,,,,,,,,,,,,,,,,,,,,,,,,,,,
ZOOKEEPER-1536,3.4.3,,,,,,,,,,,,,,,,,,,,,,,,,,,,,,,,,,,,,,,,,,
ZOOKEEPER-1533,3.3.0,3.3.1,3.3.2,3.3.3,3.3.4,3.3.5,3.3.6,3.4.0,3.4.1,3.4.2,3.4.3,3.4.4,3.5.0,,,,,,,,,,,,,,,,,,,,,,,,,,,,,,
ZOOKEEPER-1522,3.4.3,3.5.0,,,,,,,,,,,,,,,,,,,,,,,,,,,,,,,,,,,,,,,,,
ZOOKEEPER-1521,3.3.5,3.4.3,3.5.0,,,,,,,,,,,,,,,,,,,,,,,,,,,,,,,,,,,,,,,,
ZOOKEEPER-1518,3.4.3,,,,,,,,,,,,,,,,,,,,,,,,,,,,,,,,,,,,,,,,,,
ZOOKEEPER-1514,3.3.4,,,,,,,,,,,,,,,,,,,,,,,,,,,,,,,,,,,,,,,,,,
ZOOKEEPER-1513,3.3.4,,,,,,,,,,,,,,,,,,,,,,,,,,,,,,,,,,,,,,,,,,
ZOOKEEPER-1501,3.4.3,,,,,,,,,,,,,,,,,,,,,,,,,,,,,,,,,,,,,,,,,,
ZOOKEEPER-1499,3.5.0,,,,,,,,,,,,,,,,,,,,,,,,,,,,,,,,,,,,,,,,,,
ZOOKEEPER-1496,3.4.3,,,,,,,,,,,,,,,,,,,,,,,,,,,,,,,,,,,,,,,,,,
ZOOKEEPER-1495,3.3.5,3.4.2,,,,,,,,,,,,,,,,,,,,,,,,,,,,,,,,,,,,,,,,,
ZOOKEEPER-1494,3.3.5,3.4.2,,,,,,,,,,,,,,,,,,,,,,,,,,,,,,,,,,,,,,,,,
ZOOKEEPER-1493,3.3.5,3.4.3,,,,,,,,,,,,,,,,,,,,,,,,,,,,,,,,,,,,,,,,,
ZOOKEEPER-1489,3.3.5,3.4.3,,,,,,,,,,,,,,,,,,,,,,,,,,,,,,,,,,,,,,,,,
ZOOKEEPER-1483,3.4.3,,,,,,,,,,,,,,,,,,,,,,,,,,,,,,,,,,,,,,,,,,
ZOOKEEPER-1478,3.4.3,,,,,,,,,,,,,,,,,,,,,,,,,,,,,,,,,,,,,,,,,,
ZOOKEEPER-1474,3.4.0,3.4.3,3.4.4,3.4.5,,,,,,,,,,,,,,,,,,,,,,,,,,,,,,,,,,,,,,,
ZOOKEEPER-1471,3.4.3,,,,,,,,,,,,,,,,,,,,,,,,,,,,,,,,,,,,,,,,,,
ZOOKEEPER-1466,3.3.5,3.4.0,3.5.0,,,,,,,,,,,,,,,,,,,,,,,,,,,,,,,,,,,,,,,,
ZOOKEEPER-1465,3.4.3,,,,,,,,,,,,,,,,,,,,,,,,,,,,,,,,,,,,,,,,,,
ZOOKEEPER-1462,3.4.3,,,,,,,,,,,,,,,,,,,,,,,,,,,,,,,,,,,,,,,,,,
ZOOKEEPER-1460,3.4.3,,,,,,,,,,,,,,,,,,,,,,,,,,,,,,,,,,,,,,,,,,
ZOOKEEPER-1451,3.4.3,,,,,,,,,,,,,,,,,,,,,,,,,,,,,,,,,,,,,,,,,,
ZOOKEEPER-1448,3.3.5,,,,,,,,,,,,,,,,,,,,,,,,,,,,,,,,,,,,,,,,,,
ZOOKEEPER-1440,3.4.3,,,,,,,,,,,,,,,,,,,,,,,,,,,,,,,,,,,,,,,,,,
ZOOKEEPER-1439,3.3.5,3.4.3,,,,,,,,,,,,,,,,,,,,,,,,,,,,,,,,,,,,,,,,,
ZOOKEEPER-1437,3.4.3,,,,,,,,,,,,,,,,,,,,,,,,,,,,,,,,,,,,,,,,,,
ZOOKEEPER-1431,3.4.3,,,,,,,,,,,,,,,,,,,,,,,,,,,,,,,,,,,,,,,,,,
ZOOKEEPER-1427,3.4.3,,,,,,,,,,,,,,,,,,,,,,,,,,,,,,,,,,,,,,,,,,
ZOOKEEPER-1419,3.4.3,3.5.0,,,,,,,,,,,,,,,,,,,,,,,,,,,,,,,,,,,,,,,,,
ZOOKEEPER-1417,3.4.0,,,,,,,,,,,,,,,,,,,,,,,,,,,,,,,,,,,,,,,,,,
ZOOKEEPER-1412,3.3.3,3.3.4,3.4.0,3.4.1,3.4.2,3.4.3,,,,,,,,,,,,,,,,,,,,,,,,,,,,,,,,,,,,,
ZOOKEEPER-1406,3.4.3,,,,,,,,,,,,,,,,,,,,,,,,,,,,,,,,,,,,,,,,,,
ZOOKEEPER-1404,3.4.3,,,,,,,,,,,,,,,,,,,,,,,,,,,,,,,,,,,,,,,,,,
ZOOKEEPER-1403,3.3.4,3.4.3,,,,,,,,,,,,,,,,,,,,,,,,,,,,,,,,,,,,,,,,,
ZOOKEEPER-1395,3.3.4,,,,,,,,,,,,,,,,,,,,,,,,,,,,,,,,,,,,,,,,,,
ZOOKEEPER-1392,3.4.2,,,,,,,,,,,,,,,,,,,,,,,,,,,,,,,,,,,,,,,,,,
ZOOKEEPER-1388,3.4.0,,,,,,,,,,,,,,,,,,,,,,,,,,,,,,,,,,,,,,,,,,
ZOOKEEPER-1387,3.4.2,,,,,,,,,,,,,,,,,,,,,,,,,,,,,,,,,,,,,,,,,,
ZOOKEEPER-1384,3.4.2,,,,,,,,,,,,,,,,,,,,,,,,,,,,,,,,,,,,,,,,,,
ZOOKEEPER-1382,3.4.5,,,,,,,,,,,,,,,,,,,,,,,,,,,,,,,,,,,,,,,,,,
ZOOKEEPER-1380,3.3.3,3.3.4,3.4.0,3.4.1,3.4.2,,,,,,,,,,,,,,,,,,,,,,,,,,,,,,,,,,,,,,
ZOOKEEPER-1379,3.4.0,,,,,,,,,,,,,,,,,,,,,,,,,,,,,,,,,,,,,,,,,,
ZOOKEEPER-1376,3.3.3,3.3.4,,,,,,,,,,,,,,,,,,,,,,,,,,,,,,,,,,,,,,,,,
ZOOKEEPER-1374,3.3.4,,,,,,,,,,,,,,,,,,,,,,,,,,,,,,,,,,,,,,,,,,
ZOOKEEPER-1373,3.4.2,,,,,,,,,,,,,,,,,,,,,,,,,,,,,,,,,,,,,,,,,,
ZOOKEEPER-1371,3.4.0,3.4.1,3.4.2,3.4.3,,,,,,,,,,,,,,,,,,,,,,,,,,,,,,,,,,,,,,,
ZOOKEEPER-1367,3.4.2,,,,,,,,,,,,,,,,,,,,,,,,,,,,,,,,,,,,,,,,,,
ZOOKEEPER-1361,3.4.2,,,,,,,,,,,,,,,,,,,,,,,,,,,,,,,,,,,,,,,,,,
ZOOKEEPER-1357,3.5.0,,,,,,,,,,,,,,,,,,,,,,,,,,,,,,,,,,,,,,,,,,
ZOOKEEPER-1354,3.4.0,,,,,,,,,,,,,,,,,,,,,,,,,,,,,,,,,,,,,,,,,,
ZOOKEEPER-1353,3.3.4,,,,,,,,,,,,,,,,,,,,,,,,,,,,,,,,,,,,,,,,,,
ZOOKEEPER-1352,3.3.4,,,,,,,,,,,,,,,,,,,,,,,,,,,,,,,,,,,,,,,,,,
ZOOKEEPER-1351,3.4.0,,,,,,,,,,,,,,,,,,,,,,,,,,,,,,,,,,,,,,,,,,
ZOOKEEPER-1348,3.4.2,,,,,,,,,,,,,,,,,,,,,,,,,,,,,,,,,,,,,,,,,,
ZOOKEEPER-1344,3.4.0,,,,,,,,,,,,,,,,,,,,,,,,,,,,,,,,,,,,,,,,,,
ZOOKEEPER-1343,3.4.0,,,,,,,,,,,,,,,,,,,,,,,,,,,,,,,,,,,,,,,,,,
ZOOKEEPER-1340,3.4.0,,,,,,,,,,,,,,,,,,,,,,,,,,,,,,,,,,,,,,,,,,
ZOOKEEPER-1339,3.4.1,,,,,,,,,,,,,,,,,,,,,,,,,,,,,,,,,,,,,,,,,,
ZOOKEEPER-1338,3.4.0,,,,,,,,,,,,,,,,,,,,,,,,,,,,,,,,,,,,,,,,,,
ZOOKEEPER-1336,3.4.1,,,,,,,,,,,,,,,,,,,,,,,,,,,,,,,,,,,,,,,,,,
ZOOKEEPER-1334,3.4.0,,,,,,,,,,,,,,,,,,,,,,,,,,,,,,,,,,,,,,,,,,
ZOOKEEPER-1333,3.4.0,,,,,,,,,,,,,,,,,,,,,,,,,,,,,,,,,,,,,,,,,,
ZOOKEEPER-1331,3.2.2,,,,,,,,,,,,,,,,,,,,,,,,,,,,,,,,,,,,,,,,,,
ZOOKEEPER-1323,3.4.0,,,,,,,,,,,,,,,,,,,,,,,,,,,,,,,,,,,,,,,,,,
ZOOKEEPER-1319,3.4.0,,,,,,,,,,,,,,,,,,,,,,,,,,,,,,,,,,,,,,,,,,
ZOOKEEPER-1318,3.3.3,,,,,,,,,,,,,,,,,,,,,,,,,,,,,,,,,,,,,,,,,,
ZOOKEEPER-1317,3.3.3,3.4.0,,,,,,,,,,,,,,,,,,,,,,,,,,,,,,,,,,,,,,,,,
ZOOKEEPER-1316,3.3.3,3.4.0,,,,,,,,,,,,,,,,,,,,,,,,,,,,,,,,,,,,,,,,,
ZOOKEEPER-1315,3.3.4,3.4.0,,,,,,,,,,,,,,,,,,,,,,,,,,,,,,,,,,,,,,,,,
ZOOKEEPER-1311,3.4.0,,,,,,,,,,,,,,,,,,,,,,,,,,,,,,,,,,,,,,,,,,
ZOOKEEPER-1309,3.3.4,,,,,,,,,,,,,,,,,,,,,,,,,,,,,,,,,,,,,,,,,,
ZOOKEEPER-1305,3.3.3,,,,,,,,,,,,,,,,,,,,,,,,,,,,,,,,,,,,,,,,,,
ZOOKEEPER-1299,3.4.0,,,,,,,,,,,,,,,,,,,,,,,,,,,,,,,,,,,,,,,,,,
ZOOKEEPER-1295,3.5.2,,,,,,,,,,,,,,,,,,,,,,,,,,,,,,,,,,,,,,,,,,
ZOOKEEPER-1283,3.3.3,,,,,,,,,,,,,,,,,,,,,,,,,,,,,,,,,,,,,,,,,,
ZOOKEEPER-1277,3.3.3,,,,,,,,,,,,,,,,,,,,,,,,,,,,,,,,,,,,,,,,,,test-patch
ZOOKEEPER-1271,3.3.4,3.4.0,3.5.0,,,,,,,,,,,,,,,,,,,,,,,,,,,,,,,,,,,,,,,,
ZOOKEEPER-1269,3.4.0,,,,,,,,,,,,,,,,,,,,,,,,,,,,,,,,,,,,,,,,,,
ZOOKEEPER-1268,3.4.0,3.5.0,,,,,,,,,,,,,,,,,,,,,,,,,,,,,,,,,,,,,,,,,
ZOOKEEPER-1264,3.3.3,3.4.0,3.5.0,,,,,,,,,,,,,,,,,,,,,,,,,,,,,,,,,,,,,,,,
ZOOKEEPER-1262,3.3.3,,,,,,,,,,,,,,,,,,,,,,,,,,,,,,,,,,,,,,,,,,
ZOOKEEPER-1241,3.3.3,,,,,,,,,,,,,,,,,,,,,,,,,,,,,,,,,,,,,,,,,,
ZOOKEEPER-1238,3.4.0,3.5.0,,,,,,,,,,,,,,,,,,,,,,,,,,,,,,,,,,,,,,,,,
ZOOKEEPER-1236,3.4.0,3.4.3,,,,,,,,,,,,,,,,,,,,,,,,,,,,,,,,,,,,,,,,,
ZOOKEEPER-1222,3.3.3,3.4.0,,,,,,,,,,,,,,,,,,,,,,,,,,,,,,,,,,,,,,,,,
ZOOKEEPER-1220,3.3.3,,,,,,,,,,,,,,,,,,,,,,,,,,,,,,,,,,,,,,,,,,
ZOOKEEPER-1212,3.3.3,3.4.0,3.5.0,,,,,,,,,,,,,,,,,,,,,,,,,,,,,,,,,,,,,,,,
ZOOKEEPER-1210,3.4.0,,,,,,,,,,,,,,,,,,,,,,,,,,,,,,,,,,,,,,,,,,
ZOOKEEPER-1208,3.3.3,,,,,,,,,,,,,,,,,,,,,,,,,,,,,,,,,,,,,,,,,,
ZOOKEEPER-1206,3.3.3,,,,,,,,,,,,,,,,,,,,,,,,,,,,,,,,,,,,,,,,,,
ZOOKEEPER-1195,3.4.0,,,,,,,,,,,,,,,,,,,,,,,,,,,,,,,,,,,,,,,,,,
ZOOKEEPER-1190,3.4.0,3.5.0,,,,,,,,,,,,,,,,,,,,,,,,,,,,,,,,,,,,,,,,,
ZOOKEEPER-1189,3.3.3,,,,,,,,,,,,,,,,,,,,,,,,,,,,,,,,,,,,,,,,,,
ZOOKEEPER-1185,3.4.0,,,,,,,,,,,,,,,,,,,,,,,,,,,,,,,,,,,,,,,,,,
ZOOKEEPER-1184,3.5.0,,,,,,,,,,,,,,,,,,,,,,,,,,,,,,,,,,,,,,,,,,
ZOOKEEPER-1181,3.4.0,,,,,,,,,,,,,,,,,,,,,,,,,,,,,,,,,,,,,,,,,,
ZOOKEEPER-1179,3.4.0,,,,,,,,,,,,,,,,,,,,,,,,,,,,,,,,,,,,,,,,,,
ZOOKEEPER-1174,3.3.3,,,,,,,,,,,,,,,,,,,,,,,,,,,,,,,,,,,,,,,,,,
ZOOKEEPER-1171,3.4.0,,,,,,,,,,,,,,,,,,,,,,,,,,,,,,,,,,,,,,,,,,
ZOOKEEPER-1168,3.4.0,,,,,,,,,,,,,,,,,,,,,,,,,,,,,,,,,,,,,,,,,,
ZOOKEEPER-1165,3.4.0,,,,,,,,,,,,,,,,,,,,,,,,,,,,,,,,,,,,,,,,,,
ZOOKEEPER-1163,3.3.3,,,,,,,,,,,,,,,,,,,,,,,,,,,,,,,,,,,,,,,,,,
ZOOKEEPER-1156,3.3.3,,,,,,,,,,,,,,,,,,,,,,,,,,,,,,,,,,,,,,,,,,
ZOOKEEPER-1154,3.3.3,,,,,,,,,,,,,,,,,,,,,,,,,,,,,,,,,,,,,,,,,,
ZOOKEEPER-1152,3.3.3,3.4.0,,,,,,,,,,,,,,,,,,,,,,,,,,,,,,,,,,,,,,,,,
ZOOKEEPER-1146,3.4.0,,,,,,,,,,,,,,,,,,,,,,,,,,,,,,,,,,,,,,,,,,
ZOOKEEPER-1144,3.4.0,,,,,,,,,,,,,,,,,,,,,,,,,,,,,,,,,,,,,,,,,,
ZOOKEEPER-1142,3.4.0,,,,,,,,,,,,,,,,,,,,,,,,,,,,,,,,,,,,,,,,,,
ZOOKEEPER-1141,3.4.0,,,,,,,,,,,,,,,,,,,,,,,,,,,,,,,,,,,,,,,,,,
ZOOKEEPER-1140,3.4.0,,,,,,,,,,,,,,,,,,,,,,,,,,,,,,,,,,,,,,,,,,
ZOOKEEPER-1139,3.4.0,,,,,,,,,,,,,,,,,,,,,,,,,,,,,,,,,,,,,,,,,,
ZOOKEEPER-1138,3.4.0,,,,,,,,,,,,,,,,,,,,,,,,,,,,,,,,,,,,,,,,,,
ZOOKEEPER-1134,3.4.0,,,,,,,,,,,,,,,,,,,,,,,,,,,,,,,,,,,,,,,,,,
ZOOKEEPER-1128,3.3.3,,,,,,,,,,,,,,,,,,,,,,,,,,,,,,,,,,,,,,,,,,
ZOOKEEPER-1124,3.4.0,,,,,,,,,,,,,,,,,,,,,,,,,,,,,,,,,,,,,,,,,,
ZOOKEEPER-1119,3.3.3,,,,,,,,,,,,,,,,,,,,,,,,,,,,,,,,,,,,,,,,,,
ZOOKEEPER-1117,3.3.3,3.4.0,,,,,,,,,,,,,,,,,,,,,,,,,,,,,,,,,,,,,,,,,
ZOOKEEPER-1109,3.3.0,3.3.1,3.3.2,3.3.3,,,,,,,,,,,,,,,,,,,,,,,,,,,,,,,,,,,,,,,
ZOOKEEPER-1108,3.3.3,,,,,,,,,,,,,,,,,,,,,,,,,,,,,,,,,,,,,,,,,,
ZOOKEEPER-1105,3.3.2,3.4.3,,,,,,,,,,,,,,,,,,,,,,,,,,,,,,,,,,,,,,,,,
ZOOKEEPER-1100,3.3.3,,,,,,,,,,,,,,,,,,,,,,,,,,,,,,,,,,,,,,,,,,
ZOOKEEPER-1097,3.3.3,3.4.0,,,,,,,,,,,,,,,,,,,,,,,,,,,,,,,,,,,,,,,,,
ZOOKEEPER-1090,3.3.3,,,,,,,,,,,,,,,,,,,,,,,,,,,,,,,,,,,,,,,,,,
ZOOKEEPER-1089,3.3.4,3.4.0,,,,,,,,,,,,,,,,,,,,,,,,,,,,,,,,,,,,,,,,,
ZOOKEEPER-1087,3.3.3,,,,,,,,,,,,,,,,,,,,,,,,,,,,,,,,,,,,,,,,,,
ZOOKEEPER-1077,3.3.4,,,,,,,,,,,,,,,,,,,,,,,,,,,,,,,,,,,,,,,,,,
ZOOKEEPER-1076,3.4.0,,,,,,,,,,,,,,,,,,,,,,,,,,,,,,,,,,,,,,,,,,
ZOOKEEPER-1074,3.3.3,3.4.0,,,,,,,,,,,,,,,,,,,,,,,,,,,,,,,,,,,,,,,,,
ZOOKEEPER-1073,3.4.0,,,,,,,,,,,,,,,,,,,,,,,,,,,,,,,,,,,,,,,,,,
ZOOKEEPER-1069,3.3.3,,,,,,,,,,,,,,,,,,,,,,,,,,,,,,,,,,,,,,,,,,
ZOOKEEPER-1062,3.3.1,3.4.5,3.4.6,,,,,,,,,,,,,,,,,,,,,,,,,,,,,,,,,,,,,,,,
ZOOKEEPER-1061,3.3.2,,,,,,,,,,,,,,,,,,,,,,,,,,,,,,,,,,,,,,,,,,
ZOOKEEPER-1060,3.4.0,,,,,,,,,,,,,,,,,,,,,,,,,,,,,,,,,,,,,,,,,,
ZOOKEEPER-1057,3.3.1,3.3.2,3.3.3,,,,,,,,,,,,,,,,,,,,,,,,,,,,,,,,,,,,,,,,
ZOOKEEPER-1055,3.4.0,,,,,,,,,,,,,,,,,,,,,,,,,,,,,,,,,,,,,,,,,,
ZOOKEEPER-1052,3.3.2,,,,,,,,,,,,,,,,,,,,,,,,,,,,,,,,,,,,,,,,,,
ZOOKEEPER-1051,3.3.2,3.3.3,3.4.0,,,,,,,,,,,,,,,,,,,,,,,,,,,,,,,,,,,,,,,,
ZOOKEEPER-1050,3.3.2,,,,,,,,,,,,,,,,,,,,,,,,,,,,,,,,,,,,,,,,,,
ZOOKEEPER-1049,3.3.2,,,,,,,,,,,,,,,,,,,,,,,,,,,,,,,,,,,,,,,,,,
ZOOKEEPER-1048,3.3.1,,,,,,,,,,,,,,,,,,,,,,,,,,,,,,,,,,,,,,,,,,
ZOOKEEPER-1046,3.3.2,3.3.3,,,,,,,,,,,,,,,,,,,,,,,,,,,,,,,,,,,,,,,,,
ZOOKEEPER-1034,3.3.3,,,,,,,,,,,,,,,,,,,,,,,,,,,,,,,,,,,,,,,,,,
ZOOKEEPER-1033,3.3.3,,,,,,,,,,,,,,,,,,,,,,,,,,,,,,,,,,,,,,,,,,
ZOOKEEPER-1029,3.3.2,3.4.6,3.5.0,,,,,,,,,,,,,,,,,,,,,,,,,,,,,,,,,,,,,,,,
ZOOKEEPER-1028,3.3.3,,,,,,,,,,,,,,,,,,,,,,,,,,,,,,,,,,,,,,,,,,
ZOOKEEPER-1027,3.3.3,,,,,,,,,,,,,,,,,,,,,,,,,,,,,,,,,,,,,,,,,,
ZOOKEEPER-1007,3.3.3,,,,,,,,,,,,,,,,,,,,,,,,,,,,,,,,,,,,,,,,,,
ZOOKEEPER-1006,3.3.3,,,,,,,,,,,,,,,,,,,,,,,,,,,,,,,,,,,,,,,,,,
ZOOKEEPER-994,3.3.2,,,,,,,,,,,,,,,,,,,,,,,,,,,,,,,,,,,,,,,,,,test
ZOOKEEPER-983,3.3.2,,,,,,,,,,,,,,,,,,,,,,,,,,,,,,,,,,,,,,,,,,
ZOOKEEPER-981,3.3.2,,,,,,,,,,,,,,,,,,,,,,,,,,,,,,,,,,,,,,,,,,
ZOOKEEPER-976,3.3.2,,,,,,,,,,,,,,,,,,,,,,,,,,,,,,,,,,,,,,,,,,
ZOOKEEPER-975,3.3.2,,,,,,,,,,,,,,,,,,,,,,,,,,,,,,,,,,,,,,,,,,
ZOOKEEPER-973,3.3.2,,,,,,,,,,,,,,,,,,,,,,,,,,,,,,,,,,,,,,,,,,
ZOOKEEPER-962,3.3.2,,,,,,,,,,,,,,,,,,,,,,,,,,,,,,,,,,,,,,,,,,
ZOOKEEPER-961,3.3.1,,,,,,,,,,,,,,,,,,,,,,,,,,,,,,,,,,,,,,,,,,
ZOOKEEPER-958,3.4.0,,,,,,,,,,,,,,,,,,,,,,,,,,,,,,,,,,,,,,,,,,
ZOOKEEPER-957,3.3.2,,,,,,,,,,,,,,,,,,,,,,,,,,,,,,,,,,,,,,,,,,
ZOOKEEPER-937,3.3.0,3.3.1,3.3.2,,,,,,,,,,,,,,,,,,,,,,,,,,,,,,,,,,,,,,,,
ZOOKEEPER-930,3.3.2,,,,,,,,,,,,,,,,,,,,,,,,,,,,,,,,,,,,,,,,,,
ZOOKEEPER-921,3.3.1,3.4.0,,,,,,,,,,,,,,,,,,,,,,,,,,,,,,,,,,,,,,,,,
ZOOKEEPER-913,3.3.1,,,,,,,,,,,,,,,,,,,,,,,,,,,,,,,,,,,,,,,,,,
ZOOKEEPER-907,3.3.1,,,,,,,,,,,,,,,,,,,,,,,,,,,,,,,,,,,,,,,,,,data
ZOOKEEPER-904,3.3.1,,,,,,,,,,,,,,,,,,,,,,,,,,,,,,,,,,,,,,,,,,
ZOOKEEPER-902,3.4.0,,,,,,,,,,,,,,,,,,,,,,,,,,,,,,,,,,,,,,,,,,
ZOOKEEPER-893,3.3.1,,,,,,,,,,,,,,,,,,,,,,,,,,,,,,,,,,,,,,,,,,
ZOOKEEPER-889,3.3.1,,,,,,,,,,,,,,,,,,,,,,,,,,,,,,,,,,,,,,,,,,
ZOOKEEPER-888,3.3.1,,,,,,,,,,,,,,,,,,,,,,,,,,,,,,,,,,,,,,,,,,
ZOOKEEPER-884,3.3.1,,,,,,,,,,,,,,,,,,,,,,,,,,,,,,,,,,,,,,,,,,
ZOOKEEPER-880,3.4.0,,,,,,,,,,,,,,,,,,,,,,,,,,,,,,,,,,,,,,,,,,
ZOOKEEPER-877,3.3.1,,,,,,,,,,,,,,,,,,,,,,,,,,,,,,,,,,,,,,,,,,
ZOOKEEPER-876,3.4.0,,,,,,,,,,,,,,,,,,,,,,,,,,,,,,,,,,,,,,,,,,
ZOOKEEPER-874,3.3.1,,,,,,,,,,,,,,,,,,,,,,,,,,,,,,,,,,,,,,,,,,
ZOOKEEPER-867,3.4.0,,,,,,,,,,,,,,,,,,,,,,,,,,,,,,,,,,,,,,,,,,
ZOOKEEPER-855,3.3.0,3.3.1,,,,,,,,,,,,,,,,,,,,,,,,,,,,,,,,,,,,,,,,,
ZOOKEEPER-854,3.3.1,,,,,,,,,,,,,,,,,,,,,,,,,,,,,,,,,,,,,,,,,,
ZOOKEEPER-846,3.2.2,,,,,,,,,,,,,,,,,,,,,,,,,,,,,,,,,,,,,,,,,,
ZOOKEEPER-844,3.3.1,,,,,,,,,,,,,,,,,,,,,,,,,,,,,,,,,,,,,,,,,,
ZOOKEEPER-831,3.3.1,,,,,,,,,,,,,,,,,,,,,,,,,,,,,,,,,,,,,,,,,,
ZOOKEEPER-822,3.3.0,,,,,,,,,,,,,,,,,,,,,,,,,,,,,,,,,,,,,,,,,,
ZOOKEEPER-820,3.3.1,,,,,,,,,,,,,,,,,,,,,,,,,,,,,,,,,,,,,,,,,,
ZOOKEEPER-805,3.3.1,3.4.0,,,,,,,,,,,,,,,,,,,,,,,,,,,,,,,,,,,,,,,,,
ZOOKEEPER-804,3.4.0,,,,,,,,,,,,,,,,,,,,,,,,,,,,,,,,,,,,,,,,,,
ZOOKEEPER-800,3.3.1,,,,,,,,,,,,,,,,,,,,,,,,,,,,,,,,,,,,,,,,,,
ZOOKEEPER-795,3.3.1,,,,,,,,,,,,,,,,,,,,,,,,,,,,,,,,,,,,,,,,,,
ZOOKEEPER-794,3.3.1,,,,,,,,,,,,,,,,,,,,,,,,,,,,,,,,,,,,,,,,,,
ZOOKEEPER-792,3.3.1,,,,,,,,,,,,,,,,,,,,,,,,,,,,,,,,,,,,,,,,,,
ZOOKEEPER-790,3.3.1,,,,,,,,,,,,,,,,,,,,,,,,,,,,,,,,,,,,,,,,,,
ZOOKEEPER-787,3.3.1,,,,,,,,,,,,,,,,,,,,,,,,,,,,,,,,,,,,,,,,,,
ZOOKEEPER-786,3.3.1,,,,,,,,,,,,,,,,,,,,,,,,,,,,,,,,,,,,,,,,,,
ZOOKEEPER-785,3.3.1,,,,,,,,,,,,,,,,,,,,,,,,,,,,,,,,,,,,,,,,,,
ZOOKEEPER-783,3.3.1,,,,,,,,,,,,,,,,,,,,,,,,,,,,,,,,,,,,,,,,,,security
ZOOKEEPER-782,3.3.1,,,,,,,,,,,,,,,,,,,,,,,,,,,,,,,,,,,,,,,,,,
ZOOKEEPER-774,3.3.0,,,,,,,,,,,,,,,,,,,,,,,,,,,,,,,,,,,,,,,,,,security
ZOOKEEPER-769,3.3.0,,,,,,,,,,,,,,,,,,,,,,,,,,,,,,,,,,,,,,,,,,
ZOOKEEPER-763,3.3.0,,,,,,,,,,,,,,,,,,,,,,,,,,,,,,,,,,,,,,,,,,
ZOOKEEPER-758,3.3.0,3.4.0,,,,,,,,,,,,,,,,,,,,,,,,,,,,,,,,,,,,,,,,,
ZOOKEEPER-753,3.4.5,,,,,,,,,,,,,,,,,,,,,,,,,,,,,,,,,,,,,,,,,,
ZOOKEEPER-750,3.3.0,,,,,,,,,,,,,,,,,,,,,,,,,,,,,,,,,,,,,,,,,,
ZOOKEEPER-749,3.3.0,,,,,,,,,,,,,,,,,,,,,,,,,,,,,,,,,,,,,,,,,,
ZOOKEEPER-742,3.2.2,3.3.0,,,,,,,,,,,,,,,,,,,,,,,,,,,,,,,,,,,,,,,,,
ZOOKEEPER-741,3.3.0,,,,,,,,,,,,,,,,,,,,,,,,,,,,,,,,,,,,,,,,,,
ZOOKEEPER-740,3.3.0,,,,,,,,,,,,,,,,,,,,,,,,,,,,,,,,,,,,,,,,,,
ZOOKEEPER-738,3.3.0,,,,,,,,,,,,,,,,,,,,,,,,,,,,,,,,,,,,,,,,,,
ZOOKEEPER-737,3.3.0,,,,,,,,,,,,,,,,,,,,,,,,,,,,,,,,,,,,,,,,,,
ZOOKEEPER-734,3.3.0,,,,,,,,,,,,,,,,,,,,,,,,,,,,,,,,,,,,,,,,,,
ZOOKEEPER-732,3.3.0,,,,,,,,,,,,,,,,,,,,,,,,,,,,,,,,,,,,,,,,,,
ZOOKEEPER-731,3.3.0,,,,,,,,,,,,,,,,,,,,,,,,,,,,,,,,,,,,,,,,,,
ZOOKEEPER-722,3.3.0,,,,,,,,,,,,,,,,,,,,,,,,,,,,,,,,,,,,,,,,,,
ZOOKEEPER-720,3.3.0,,,,,,,,,,,,,,,,,,,,,,,,,,,,,,,,,,,,,,,,,,
ZOOKEEPER-719,3.3.0,,,,,,,,,,,,,,,,,,,,,,,,,,,,,,,,,,,,,,,,,,
ZOOKEEPER-710,3.2.2,,,,,,,,,,,,,,,,,,,,,,,,,,,,,,,,,,,,,,,,,,
ZOOKEEPER-706,3.1.2,3.2.2,3.3.0,,,,,,,,,,,,,,,,,,,,,,,,,,,,,,,,,,,,,,,,
ZOOKEEPER-693,3.3.0,,,,,,,,,,,,,,,,,,,,,,,,,,,,,,,,,,,,,,,,,,
ZOOKEEPER-683,3.2.2,,,,,,,,,,,,,,,,,,,,,,,,,,,,,,,,,,,,,,,,,,
ZOOKEEPER-682,3.2.2,,,,,,,,,,,,,,,,,,,,,,,,,,,,,,,,,,,,,,,,,,
ZOOKEEPER-681,3.2.2,,,,,,,,,,,,,,,,,,,,,,,,,,,,,,,,,,,,,,,,,,
ZOOKEEPER-677,3.2.2,,,,,,,,,,,,,,,,,,,,,,,,,,,,,,,,,,,,,,,,,,
ZOOKEEPER-670,3.2.1,3.2.2,,,,,,,,,,,,,,,,,,,,,,,,,,,,,,,,,,,,,,,,,
ZOOKEEPER-669,3.1.2,3.2.2,,,,,,,,,,,,,,,,,,,,,,,,,,,,,,,,,,,,,,,,,
ZOOKEEPER-667,3.2.2,,,,,,,,,,,,,,,,,,,,,,,,,,,,,,,,,,,,,,,,,,server
ZOOKEEPER-644,3.3.0,,,,,,,,,,,,,,,,,,,,,,,,,,,,,,,,,,,,,,,,,,
ZOOKEEPER-642,3.2.1,,,,,,,,,,,,,,,,,,,,,,,,,,,,,,,,,,,,,,,,,,
ZOOKEEPER-626,3.2.1,,,,,,,,,,,,,,,,,,,,,,,,,,,,,,,,,,,,,,,,,,
ZOOKEEPER-624,3.2.0,,,,,,,,,,,,,,,,,,,,,,,,,,,,,,,,,,,,,,,,,,
ZOOKEEPER-620,3.3.0,,,,,,,,,,,,,,,,,,,,,,,,,,,,,,,,,,,,,,,,,,
ZOOKEEPER-614,3.2.1,3.2.2,,,,,,,,,,,,,,,,,,,,,,,,,,,,,,,,,,,,,,,,,
ZOOKEEPER-611,3.1.1,3.2.1,,,,,,,,,,,,,,,,,,,,,,,,,,,,,,,,,,,,,,,,,shutdown
ZOOKEEPER-609,3.3.0,,,,,,,,,,,,,,,,,,,,,,,,,,,,,,,,,,,,,,,,,,
ZOOKEEPER-606,3.2.1,,,,,,,,,,,,,,,,,,,,,,,,,,,,,,,,,,,,,,,,,,
ZOOKEEPER-604,3.0.0,3.0.1,3.1.0,3.1.1,3.1.2,3.2.0,3.2.1,3.2.2,3.3.0,4.0.0,,,,,,,,,,,,,,,,,,,,,,,,,,,,,,,,,
ZOOKEEPER-602,3.2.1,,,,,,,,,,,,,,,,,,,,,,,,,,,,,,,,,,,,,,,,,,
ZOOKEEPER-600,3.2.1,,,,,,,,,,,,,,,,,,,,,,,,,,,,,,,,,,,,,,,,,,
ZOOKEEPER-598,3.2.2,,,,,,,,,,,,,,,,,,,,,,,,,,,,,,,,,,,,,,,,,,
ZOOKEEPER-597,3.1.1,3.2.1,,,,,,,,,,,,,,,,,,,,,,,,,,,,,,,,,,,,,,,,,
ZOOKEEPER-596,3.2.1,,,,,,,,,,,,,,,,,,,,,,,,,,,,,,,,,,,,,,,,,,
ZOOKEEPER-591,3.2.1,,,,,,,,,,,,,,,,,,,,,,,,,,,,,,,,,,,,,,,,,,
ZOOKEEPER-589,3.2.1,,,,,,,,,,,,,,,,,,,,,,,,,,,,,,,,,,,,,,,,,,
ZOOKEEPER-588,3.2.1,,,,,,,,,,,,,,,,,,,,,,,,,,,,,,,,,,,,,,,,,,
ZOOKEEPER-587,3.2.1,,,,,,,,,,,,,,,,,,,,,,,,,,,,,,,,,,,,,,,,,,
ZOOKEEPER-586,3.2.1,,,,,,,,,,,,,,,,,,,,,,,,,,,,,,,,,,,,,,,,,,
ZOOKEEPER-582,3.1.1,3.2.1,,,,,,,,,,,,,,,,,,,,,,,,,,,,,,,,,,,,,,,,,
ZOOKEEPER-573,3.2.1,,,,,,,,,,,,,,,,,,,,,,,,,,,,,,,,,,,,,,,,,,
ZOOKEEPER-570,3.2.1,,,,,,,,,,,,,,,,,,,,,,,,,,,,,,,,,,,,,,,,,,
ZOOKEEPER-568,3.2.1,,,,,,,,,,,,,,,,,,,,,,,,,,,,,,,,,,,,,,,,,,
ZOOKEEPER-566,3.2.1,,,,,,,,,,,,,,,,,,,,,,,,,,,,,,,,,,,,,,,,,,
ZOOKEEPER-562,3.2.1,,,,,,,,,,,,,,,,,,,,,,,,,,,,,,,,,,,,,,,,,,
ZOOKEEPER-558,3.2.1,,,,,,,,,,,,,,,,,,,,,,,,,,,,,,,,,,,,,,,,,,
ZOOKEEPER-551,3.2.1,,,,,,,,,,,,,,,,,,,,,,,,,,,,,,,,,,,,,,,,,,
ZOOKEEPER-547,3.2.0,3.2.1,,,,,,,,,,,,,,,,,,,,,,,,,,,,,,,,,,,,,,,,,
ZOOKEEPER-542,3.2.0,3.2.1,,,,,,,,,,,,,,,,,,,,,,,,,,,,,,,,,,,,,,,,,
ZOOKEEPER-541,3.2.1,,,,,,,,,,,,,,,,,,,,,,,,,,,,,,,,,,,,,,,,,,
ZOOKEEPER-540,3.2.1,,,,,,,,,,,,,,,,,,,,,,,,,,,,,,,,,,,,,,,,,,
ZOOKEEPER-538,3.2.1,,,,,,,,,,,,,,,,,,,,,,,,,,,,,,,,,,,,,,,,,,
ZOOKEEPER-537,3.3.0,,,,,,,,,,,,,,,,,,,,,,,,,,,,,,,,,,,,,,,,,,
ZOOKEEPER-534,3.2.0,3.2.1,,,,,,,,,,,,,,,,,,,,,,,,,,,,,,,,,,,,,,,,,
ZOOKEEPER-532,3.2.1,,,,,,,,,,,,,,,,,,,,,,,,,,,,,,,,,,,,,,,,,,
ZOOKEEPER-530,3.2.0,3.2.1,,,,,,,,,,,,,,,,,,,,,,,,,,,,,,,,,,,,,,,,,
ZOOKEEPER-512,3.2.0,,,,,,,,,,,,,,,,,,,,,,,,,,,,,,,,,,,,,,,,,,
ZOOKEEPER-511,3.2.0,,,,,,,,,,,,,,,,,,,,,,,,,,,,,,,,,,,,,,,,,,
ZOOKEEPER-510,3.2.0,,,,,,,,,,,,,,,,,,,,,,,,,,,,,,,,,,,,,,,,,,
ZOOKEEPER-504,3.2.0,,,,,,,,,,,,,,,,,,,,,,,,,,,,,,,,,,,,,,,,,,
ZOOKEEPER-499,3.2.0,,,,,,,,,,,,,,,,,,,,,,,,,,,,,,,,,,,,,,,,,,
ZOOKEEPER-498,3.2.0,,,,,,,,,,,,,,,,,,,,,,,,,,,,,,,,,,,,,,,,,,
ZOOKEEPER-495,3.2.0,,,,,,,,,,,,,,,,,,,,,,,,,,,,,,,,,,,,,,,,,,
ZOOKEEPER-493,3.2.0,,,,,,,,,,,,,,,,,,,,,,,,,,,,,,,,,,,,,,,,,,
ZOOKEEPER-491,3.2.0,,,,,,,,,,,,,,,,,,,,,,,,,,,,,,,,,,,,,,,,,,
ZOOKEEPER-490,3.1.1,3.2.0,,,,,,,,,,,,,,,,,,,,,,,,,,,,,,,,,,,,,,,,,
ZOOKEEPER-487,3.1.1,3.2.0,,,,,,,,,,,,,,,,,,,,,,,,,,,,,,,,,,,,,,,,,
ZOOKEEPER-484,3.2.0,,,,,,,,,,,,,,,,,,,,,,,,,,,,,,,,,,,,,,,,,,
ZOOKEEPER-483,3.1.1,,,,,,,,,,,,,,,,,,,,,,,,,,,,,,,,,,,,,,,,,,
ZOOKEEPER-482,3.2.0,,,,,,,,,,,,,,,,,,,,,,,,,,,,,,,,,,,,,,,,,,
ZOOKEEPER-481,3.1.1,3.2.0,,,,,,,,,,,,,,,,,,,,,,,,,,,,,,,,,,,,,,,,,
ZOOKEEPER-480,3.2.0,,,,,,,,,,,,,,,,,,,,,,,,,,,,,,,,,,,,,,,,,,
ZOOKEEPER-477,3.2.0,,,,,,,,,,,,,,,,,,,,,,,,,,,,,,,,,,,,,,,,,,
ZOOKEEPER-475,3.2.0,,,,,,,,,,,,,,,,,,,,,,,,,,,,,,,,,,,,,,,,,,
ZOOKEEPER-470,3.2.0,,,,,,,,,,,,,,,,,,,,,,,,,,,,,,,,,,,,,,,,,,
ZOOKEEPER-469,3.2.0,,,,,,,,,,,,,,,,,,,,,,,,,,,,,,,,,,,,,,,,,,
ZOOKEEPER-468,3.2.0,,,,,,,,,,,,,,,,,,,,,,,,,,,,,,,,,,,,,,,,,,
ZOOKEEPER-466,3.2.0,,,,,,,,,,,,,,,,,,,,,,,,,,,,,,,,,,,,,,,,,,
ZOOKEEPER-457,3.1.1,,,,,,,,,,,,,,,,,,,,,,,,,,,,,,,,,,,,,,,,,,
ZOOKEEPER-450,3.2.0,,,,,,,,,,,,,,,,,,,,,,,,,,,,,,,,,,,,,,,,,,
ZOOKEEPER-444,3.1.1,,,,,,,,,,,,,,,,,,,,,,,,,,,,,,,,,,,,,,,,,,
ZOOKEEPER-433,3.1.1,,,,,,,,,,,,,,,,,,,,,,,,,,,,,,,,,,,,,,,,,,
ZOOKEEPER-427,3.1.1,,,,,,,,,,,,,,,,,,,,,,,,,,,,,,,,,,,,,,,,,,
ZOOKEEPER-404,3.2.0,,,,,,,,,,,,,,,,,,,,,,,,,,,,,,,,,,,,,,,,,,
ZOOKEEPER-402,3.1.0,3.1.1,,,,,,,,,,,,,,,,,,,,,,,,,,,,,,,,,,,,,,,,,
ZOOKEEPER-396,3.1.1,,,,,,,,,,,,,,,,,,,,,,,,,,,,,,,,,,,,,,,,,,
ZOOKEEPER-385,3.2.0,,,,,,,,,,,,,,,,,,,,,,,,,,,,,,,,,,,,,,,,,,
ZOOKEEPER-384,3.0.0,3.0.1,3.1.0,3.1.1,,,,,,,,,,,,,,,,,,,,,,,,,,,,,,,,,,,,,,,
ZOOKEEPER-377,3.2.0,,,,,,,,,,,,,,,,,,,,,,,,,,,,,,,,,,,,,,,,,,
ZOOKEEPER-376,3.2.0,,,,,,,,,,,,,,,,,,,,,,,,,,,,,,,,,,,,,,,,,,
ZOOKEEPER-375,3.1.0,3.1.1,,,,,,,,,,,,,,,,,,,,,,,,,,,,,,,,,,,,,,,,,
ZOOKEEPER-374,3.1.1,,,,,,,,,,,,,,,,,,,,,,,,,,,,,,,,,,,,,,,,,,
ZOOKEEPER-370,3.1.1,,,,,,,,,,,,,,,,,,,,,,,,,,,,,,,,,,,,,,,,,,
ZOOKEEPER-367,3.2.0,,,,,,,,,,,,,,,,,,,,,,,,,,,,,,,,,,,,,,,,,,
ZOOKEEPER-365,3.2.0,,,,,,,,,,,,,,,,,,,,,,,,,,,,,,,,,,,,,,,,,,
ZOOKEEPER-363,3.1.1,,,,,,,,,,,,,,,,,,,,,,,,,,,,,,,,,,,,,,,,,,
ZOOKEEPER-362,3.1.1,,,,,,,,,,,,,,,,,,,,,,,,,,,,,,,,,,,,,,,,,,
ZOOKEEPER-360,3.1.1,,,,,,,,,,,,,,,,,,,,,,,,,,,,,,,,,,,,,,,,,,
ZOOKEEPER-355,3.1.0,3.1.1,,,,,,,,,,,,,,,,,,,,,,,,,,,,,,,,,,,,,,,,,
ZOOKEEPER-348,3.1.0,3.1.1,,,,,,,,,,,,,,,,,,,,,,,,,,,,,,,,,,,,,,,,,
ZOOKEEPER-347,3.1.0,,,,,,,,,,,,,,,,,,,,,,,,,,,,,,,,,,,,,,,,,,
ZOOKEEPER-346,3.0.0,3.0.1,3.1.0,,,,,,,,,,,,,,,,,,,,,,,,,,,,,,,,,,,,,,,,
ZOOKEEPER-340,3.0.0,3.0.1,3.1.0,3.1.1,,,,,,,,,,,,,,,,,,,,,,,,,,,,,,,,,,,,,,,
ZOOKEEPER-335,3.1.0,,,,,,,,,,,,,,,,,,,,,,,,,,,,,,,,,,,,,,,,,,
ZOOKEEPER-334,3.1.0,,,,,,,,,,,,,,,,,,,,,,,,,,,,,,,,,,,,,,,,,,
ZOOKEEPER-330,3.1.1,3.2.0,,,,,,,,,,,,,,,,,,,,,,,,,,,,,,,,,,,,,,,,,
ZOOKEEPER-326,3.0.0,3.0.1,3.1.0,,,,,,,,,,,,,,,,,,,,,,,,,,,,,,,,,,,,,,,,
ZOOKEEPER-325,3.1.0,,,,,,,,,,,,,,,,,,,,,,,,,,,,,,,,,,,,,,,,,,
ZOOKEEPER-320,3.0.0,3.0.1,3.1.0,,,,,,,,,,,,,,,,,,,,,,,,,,,,,,,,,,,,,,,,
ZOOKEEPER-319,3.0.0,3.0.1,3.1.0,,,,,,,,,,,,,,,,,,,,,,,,,,,,,,,,,,,,,,,,
ZOOKEEPER-318,3.0.0,3.0.1,3.1.0,,,,,,,,,,,,,,,,,,,,,,,,,,,,,,,,,,,,,,,,
ZOOKEEPER-309,3.0.0,3.0.1,3.1.0,,,,,,,,,,,,,,,,,,,,,,,,,,,,,,,,,,,,,,,,
ZOOKEEPER-303,3.1.0,,,,,,,,,,,,,,,,,,,,,,,,,,,,,,,,,,,,,,,,,,
ZOOKEEPER-302,3.1.0,,,,,,,,,,,,,,,,,,,,,,,,,,,,,,,,,,,,,,,,,,
ZOOKEEPER-300,3.1.0,,,,,,,,,,,,,,,,,,,,,,,,,,,,,,,,,,,,,,,,,,
ZOOKEEPER-293,3.1.0,,,,,,,,,,,,,,,,,,,,,,,,,,,,,,,,,,,,,,,,,,
ZOOKEEPER-285,3.0.0,3.0.1,,,,,,,,,,,,,,,,,,,,,,,,,,,,,,,,,,,,,,,,,
ZOOKEEPER-284,3.1.0,,,,,,,,,,,,,,,,,,,,,,,,,,,,,,,,,,,,,,,,,,
ZOOKEEPER-281,3.0.1,,,,,,,,,,,,,,,,,,,,,,,,,,,,,,,,,,,,,,,,,,
ZOOKEEPER-275,3.0.0,3.0.1,,,,,,,,,,,,,,,,,,,,,,,,,,,,,,,,,,,,,,,,,
ZOOKEEPER-273,3.1.0,,,,,,,,,,,,,,,,,,,,,,,,,,,,,,,,,,,,,,,,,,
ZOOKEEPER-268,3.0.0,3.0.1,,,,,,,,,,,,,,,,,,,,,,,,,,,,,,,,,,,,,,,,,
ZOOKEEPER-267,3.0.0,3.0.1,,,,,,,,,,,,,,,,,,,,,,,,,,,,,,,,,,,,,,,,,
ZOOKEEPER-266,3.0.0,3.0.1,,,,,,,,,,,,,,,,,,,,,,,,,,,,,,,,,,,,,,,,,
ZOOKEEPER-258,3.0.0,3.0.1,,,,,,,,,,,,,,,,,,,,,,,,,,,,,,,,,,,,,,,,,
ZOOKEEPER-255,3.0.0,3.0.1,,,,,,,,,,,,,,,,,,,,,,,,,,,,,,,,,,,,,,,,,
ZOOKEEPER-253,3.0.0,3.0.1,,,,,,,,,,,,,,,,,,,,,,,,,,,,,,,,,,,,,,,,,
ZOOKEEPER-252,3.0.0,3.0.1,,,,,,,,,,,,,,,,,,,,,,,,,,,,,,,,,,,,,,,,,
ZOOKEEPER-251,3.0.0,3.0.1,,,,,,,,,,,,,,,,,,,,,,,,,,,,,,,,,,,,,,,,,
ZOOKEEPER-250,3.0.0,3.0.1,,,,,,,,,,,,,,,,,,,,,,,,,,,,,,,,,,,,,,,,,
ZOOKEEPER-249,3.0.0,3.0.1,,,,,,,,,,,,,,,,,,,,,,,,,,,,,,,,,,,,,,,,,
ZOOKEEPER-247,3.0.0,3.0.1,,,,,,,,,,,,,,,,,,,,,,,,,,,,,,,,,,,,,,,,,
ZOOKEEPER-245,3.0.1,,,,,,,,,,,,,,,,,,,,,,,,,,,,,,,,,,,,,,,,,,
ZOOKEEPER-242,3.0.0,,,,,,,,,,,,,,,,,,,,,,,,,,,,,,,,,,,,,,,,,,
ZOOKEEPER-241,3.0.0,3.0.1,,,,,,,,,,,,,,,,,,,,,,,,,,,,,,,,,,,,,,,,,
ZOOKEEPER-240,3.0.1,,,,,,,,,,,,,,,,,,,,,,,,,,,,,,,,,,,,,,,,,,
ZOOKEEPER-228,3.0.0,,,,,,,,,,,,,,,,,,,,,,,,,,,,,,,,,,,,,,,,,,
ZOOKEEPER-227,3.0.0,,,,,,,,,,,,,,,,,,,,,,,,,,,,,,,,,,,,,,,,,,
ZOOKEEPER-226,3.0.0,,,,,,,,,,,,,,,,,,,,,,,,,,,,,,,,,,,,,,,,,,
ZOOKEEPER-221,3.0.0,,,,,,,,,,,,,,,,,,,,,,,,,,,,,,,,,,,,,,,,,,
ZOOKEEPER-219,3.0.0,,,,,,,,,,,,,,,,,,,,,,,,,,,,,,,,,,,,,,,,,,
ZOOKEEPER-218,3.0.0,,,,,,,,,,,,,,,,,,,,,,,,,,,,,,,,,,,,,,,,,,
ZOOKEEPER-213,3.0.0,,,,,,,,,,,,,,,,,,,,,,,,,,,,,,,,,,,,,,,,,,
ZOOKEEPER-212,3.0.0,,,,,,,,,,,,,,,,,,,,,,,,,,,,,,,,,,,,,,,,,,
ZOOKEEPER-209,3.0.0,,,,,,,,,,,,,,,,,,,,,,,,,,,,,,,,,,,,,,,,,,
ZOOKEEPER-208,3.0.0,,,,,,,,,,,,,,,,,,,,,,,,,,,,,,,,,,,,,,,,,,
ZOOKEEPER-206,3.0.0,,,,,,,,,,,,,,,,,,,,,,,,,,,,,,,,,,,,,,,,,,
ZOOKEEPER-204,3.0.0,,,,,,,,,,,,,,,,,,,,,,,,,,,,,,,,,,,,,,,,,,
ZOOKEEPER-203,3.0.0,,,,,,,,,,,,,,,,,,,,,,,,,,,,,,,,,,,,,,,,,,
ZOOKEEPER-201,3.0.0,,,,,,,,,,,,,,,,,,,,,,,,,,,,,,,,,,,,,,,,,,
ZOOKEEPER-200,3.0.0,,,,,,,,,,,,,,,,,,,,,,,,,,,,,,,,,,,,,,,,,,
ZOOKEEPER-199,3.0.0,,,,,,,,,,,,,,,,,,,,,,,,,,,,,,,,,,,,,,,,,,
ZOOKEEPER-198,3.0.0,,,,,,,,,,,,,,,,,,,,,,,,,,,,,,,,,,,,,,,,,,
ZOOKEEPER-193,3.0.0,,,,,,,,,,,,,,,,,,,,,,,,,,,,,,,,,,,,,,,,,,
ZOOKEEPER-192,3.0.0,,,,,,,,,,,,,,,,,,,,,,,,,,,,,,,,,,,,,,,,,,
ZOOKEEPER-190,3.0.0,,,,,,,,,,,,,,,,,,,,,,,,,,,,,,,,,,,,,,,,,,
ZOOKEEPER-189,3.0.0,,,,,,,,,,,,,,,,,,,,,,,,,,,,,,,,,,,,,,,,,,
ZOOKEEPER-187,3.0.0,,,,,,,,,,,,,,,,,,,,,,,,,,,,,,,,,,,,,,,,,,
ZOOKEEPER-181,3.0.0,,,,,,,,,,,,,,,,,,,,,,,,,,,,,,,,,,,,,,,,,,
ZOOKEEPER-157,3.0.0,,,,,,,,,,,,,,,,,,,,,,,,,,,,,,,,,,,,,,,,,,
ZOOKEEPER-151,3.0.0,,,,,,,,,,,,,,,,,,,,,,,,,,,,,,,,,,,,,,,,,,
ZOOKEEPER-150,3.0.0,,,,,,,,,,,,,,,,,,,,,,,,,,,,,,,,,,,,,,,,,,
ZOOKEEPER-140,3.0.0,,,,,,,,,,,,,,,,,,,,,,,,,,,,,,,,,,,,,,,,,,
ZOOKEEPER-138,3.0.0,,,,,,,,,,,,,,,,,,,,,,,,,,,,,,,,,,,,,,,,,,
ZOOKEEPER-137,3.0.0,,,,,,,,,,,,,,,,,,,,,,,,,,,,,,,,,,,,,,,,,,
ZOOKEEPER-136,3.0.0,,,,,,,,,,,,,,,,,,,,,,,,,,,,,,,,,,,,,,,,,,
ZOOKEEPER-133,3.0.0,,,,,,,,,,,,,,,,,,,,,,,,,,,,,,,,,,,,,,,,,,
ZOOKEEPER-127,3.0.0,,,,,,,,,,,,,,,,,,,,,,,,,,,,,,,,,,,,,,,,,,
ZOOKEEPER-123,3.0.0,,,,,,,,,,,,,,,,,,,,,,,,,,,,,,,,,,,,,,,,,,
ZOOKEEPER-117,3.0.0,,,,,,,,,,,,,,,,,,,,,,,,,,,,,,,,,,,,,,,,,,
ZOOKEEPER-115,3.0.0,,,,,,,,,,,,,,,,,,,,,,,,,,,,,,,,,,,,,,,,,,
ZOOKEEPER-110,3.0.0,,,,,,,,,,,,,,,,,,,,,,,,,,,,,,,,,,,,,,,,,,
ZOOKEEPER-109,3.0.0,,,,,,,,,,,,,,,,,,,,,,,,,,,,,,,,,,,,,,,,,,
ZOOKEEPER-105,3.0.0,,,,,,,,,,,,,,,,,,,,,,,,,,,,,,,,,,,,,,,,,,
ZOOKEEPER-94,3.1.0,3.1.1,,,,,,,,,,,,,,,,,,,,,,,,,,,,,,,,,,,,,,,,,
ZOOKEEPER-87,3.4.5,3.5.0,,,,,,,,,,,,,,,,,,,,,,,,,,,,,,,,,,,,,,,,,
ZOOKEEPER-63,3.0.0,,,,,,,,,,,,,,,,,,,,,,,,,,,,,,,,,,,,,,,,,,
ZOOKEEPER-54,3.0.0,,,,,,,,,,,,,,,,,,,,,,,,,,,,,,,,,,,,,,,,,,
ZOOKEEPER-16,3.0.0,3.0.1,,,,,,,,,,,,,,,,,,,,,,,,,,,,,,,,,,,,,,,,,
ZOOKEEPER-4,3.0.0,,,,,,,,,,,,,,,,,,,,,,,,,,,,,,,,,,,,,,,,,,
